{
  "results": [
    {
      "command": "OMP_SCHEDULE=static ./openmp/mandelbrot.out 1 < mandelbrot.in > out/220927160021/cpp.out",
      "mean": 45.08096875409999,
      "stddev": 0.5364015797468675,
      "median": 45.1418839499,
      "user": 44.883327300000005,
      "system": 0.14168124,
      "min": 44.221602054399995,
      "max": 45.622936137399996,
      "times": [
        44.221602054399995,
        44.3901152204,
        45.2107680954,
        45.0729998044,
        45.553935512399995,
        45.5815182204,
        45.622936137399996,
        45.610118804399995,
        45.0167575124,
        44.5289361794
      ],
      "exit_codes": [
        0,
        0,
        0,
        0,
        0,
        0,
        0,
        0,
        0,
        0
      ],
      "parameters": {
        "num_threads": "1"
      }
    },
    {
      "command": "OMP_SCHEDULE=static ./openmp/mandelbrot.out 2 < mandelbrot.in > out/220927160021/cpp.out",
      "mean": 22.9457220541,
      "stddev": 0.14812369034175915,
      "median": 22.970612866899998,
      "user": 45.096773999999996,
      "system": 0.11411484000000001,
      "min": 22.6948338874,
      "max": 23.2008130124,
      "times": [
        22.6948338874,
        23.2008130124,
        23.0672925124,
        22.945327637400002,
        22.981538970400003,
        23.026484929400002,
        22.8388156374,
        22.9746576794,
        22.9665680544,
        22.760888220400002
      ],
      "exit_codes": [
        0,
        0,
        0,
        0,
        0,
        0,
        0,
        0,
        0,
        0
      ],
      "parameters": {
        "num_threads": "2"
      }
    },
    {
      "command": "OMP_SCHEDULE=static ./openmp/mandelbrot.out 3 < mandelbrot.in > out/220927160021/cpp.out",
      "mean": 28.246447929099997,
      "stddev": 0.06603482926378262,
      "median": 28.2559968459,
      "user": 45.12768530000001,
      "system": 0.09340823999999999,
      "min": 28.1532489294,
      "max": 28.3399468454,
      "times": [
        28.338903345400002,
        28.1532489294,
        28.2938011374,
        28.1763995954,
        28.3399468454,
        28.258543887400002,
        28.1887580544,
        28.1982977624,
        28.253449804400002,
        28.2631299294
      ],
      "exit_codes": [
        0,
        0,
        0,
        0,
        0,
        0,
        0,
        0,
        0,
        0
      ],
      "parameters": {
        "num_threads": "3"
      }
    },
    {
      "command": "OMP_SCHEDULE=static ./openmp/mandelbrot.out 4 < mandelbrot.in > out/220927160021/cpp.out",
      "mean": 19.668647166699998,
      "stddev": 0.620058327021767,
      "median": 19.733624908400003,
      "user": 45.89522420000001,
      "system": 0.13104414,
      "min": 19.072407179400003,
      "max": 21.1533332624,
      "times": [
        19.1239995954,
        19.072407179400003,
        19.0909331374,
        19.255042887400002,
        19.737452012400002,
        19.8607005544,
        21.1533332624,
        19.8132866794,
        19.7297978044,
        19.8495185544
      ],
      "exit_codes": [
        0,
        0,
        0,
        0,
        0,
        0,
        0,
        0,
        0,
        0
      ],
      "parameters": {
        "num_threads": "4"
      }
    },
    {
      "command": "OMP_SCHEDULE=static ./openmp/mandelbrot.out 5 < mandelbrot.in > out/220927160021/cpp.out",
      "mean": 20.435254899900002,
      "stddev": 0.42730208419196763,
      "median": 20.3504485334,
      "user": 46.5285131,
      "system": 0.17145914,
      "min": 20.0277692624,
      "max": 21.4672755954,
      "times": [
        20.5579948044,
        20.2694761374,
        21.4672755954,
        20.4314209294,
        20.126000012400002,
        20.0620962204,
        20.5061086374,
        20.198108012400002,
        20.0277692624,
        20.7062993874
      ],
      "exit_codes": [
        0,
        0,
        0,
        0,
        0,
        0,
        0,
        0,
        0,
        0
      ],
      "parameters": {
        "num_threads": "5"
      }
    },
    {
      "command": "OMP_SCHEDULE=static ./openmp/mandelbrot.out 6 < mandelbrot.in > out/220927160021/cpp.out",
      "mean": 15.7510896664,
      "stddev": 0.9930865177476735,
      "median": 16.0884467829,
      "user": 46.751266300000005,
      "system": 0.13260093999999997,
      "min": 14.3772349704,
      "max": 16.9145382204,
      "times": [
        16.9145382204,
        16.111222220400002,
        16.2830077204,
        16.708418345400002,
        16.5675801374,
        15.635412179400001,
        16.065671345400002,
        14.4683687624,
        14.3794427624,
        14.3772349704
      ],
      "exit_codes": [
        0,
        0,
        0,
        0,
        0,
        0,
        0,
        0,
        0,
        0
      ],
      "parameters": {
        "num_threads": "6"
      }
    },
    {
      "command": "OMP_SCHEDULE=static ./openmp/mandelbrot.out 7 < mandelbrot.in > out/220927160021/cpp.out",
      "mean": 13.918219845700003,
      "stddev": 0.05344904922996581,
      "median": 13.907158949900001,
      "user": 45.609674399999996,
      "system": 0.10265694,
      "min": 13.860252887400001,
      "max": 14.014366345400001,
      "times": [
        13.860252887400001,
        14.007771012400001,
        13.924403679400001,
        13.9046094704,
        13.918126137400002,
        14.014366345400001,
        13.8798168874,
        13.863815137400001,
        13.8993284704,
        13.9097084294
      ],
      "exit_codes": [
        0,
        0,
        0,
        0,
        0,
        0,
        0,
        0,
        0,
        0
      ],
      "parameters": {
        "num_threads": "7"
      }
    },
    {
      "command": "OMP_SCHEDULE=static ./openmp/mandelbrot.out 8 < mandelbrot.in > out/220927160021/cpp.out",
      "mean": 11.985261458300002,
      "stddev": 0.049945629322320786,
      "median": 11.990447408400001,
      "user": 46.2930833,
      "system": 0.10405654,
      "min": 11.926422804400001,
      "max": 12.055891179400001,
      "times": [
        11.926422804400001,
        12.0174643454,
        11.9952911794,
        11.943539512400001,
        11.9309582624,
        11.9309695124,
        12.050876762400001,
        12.015597387400001,
        11.9856036374,
        12.055891179400001
      ],
      "exit_codes": [
        0,
        0,
        0,
        0,
        0,
        0,
        0,
        0,
        0,
        0
      ],
      "parameters": {
        "num_threads": "8"
      }
    }
  ]
}
