{
  "results": [
    {
      "command": "OMP_SCHEDULE=static ./openmp/mandelbrot.out 1 < mandelbrot.in > out/220922153049/cpp.out",
      "mean": 43.96169433502,
      "stddev": 0.11275555524413805,
      "median": 43.91439558902,
      "user": 43.714264639999996,
      "system": 0.16622224,
      "min": 43.893985297520004,
      "max": 44.23261250552,
      "times": [
        44.23261250552,
        44.09893875552,
        43.92326696452,
        43.93466975552,
        43.92008325552,
        43.89880558952,
        43.90870792252,
        43.90370471452,
        43.90216858952,
        43.893985297520004
      ],
      "exit_codes": [
        0,
        0,
        0,
        0,
        0,
        0,
        0,
        0,
        0,
        0
      ],
      "parameters": {
        "num_threads": "1"
      }
    },
    {
      "command": "OMP_SCHEDULE=static ./openmp/mandelbrot.out 2 < mandelbrot.in > out/220922153049/cpp.out",
      "mean": 22.642898939120002,
      "stddev": 0.0800641405940129,
      "median": 22.627142901520003,
      "user": 44.53604784,
      "system": 0.11792904,
      "min": 22.53971300552,
      "max": 22.834940422520003,
      "times": [
        22.64849542252,
        22.619504422520002,
        22.834940422520003,
        22.684506464520002,
        22.664253047520003,
        22.53971300552,
        22.62010588052,
        22.630948797520002,
        22.56318492252,
        22.62333700552
      ],
      "exit_codes": [
        0,
        0,
        0,
        0,
        0,
        0,
        0,
        0,
        0,
        0
      ],
      "parameters": {
        "num_threads": "2"
      }
    },
    {
      "command": "OMP_SCHEDULE=static ./openmp/mandelbrot.out 3 < mandelbrot.in > out/220922153049/cpp.out",
      "mean": 27.654925972519997,
      "stddev": 0.10636889672309735,
      "median": 27.63732265202,
      "user": 44.10553254,
      "system": 0.12459854,
      "min": 27.566988255520002,
      "max": 27.93709525552,
      "times": [
        27.66804850552,
        27.62779508952,
        27.64685021452,
        27.65893613052,
        27.93709525552,
        27.607999422520002,
        27.57354171452,
        27.566988255520002,
        27.58906933952,
        27.67293579752
      ],
      "exit_codes": [
        0,
        0,
        0,
        0,
        0,
        0,
        0,
        0,
        0,
        0
      ],
      "parameters": {
        "num_threads": "3"
      }
    },
    {
      "command": "OMP_SCHEDULE=static ./openmp/mandelbrot.out 4 < mandelbrot.in > out/220922153049/cpp.out",
      "mean": 18.87079337252,
      "stddev": 0.03307518071490826,
      "median": 18.863532901520003,
      "user": 44.554286239999996,
      "system": 0.13460663999999997,
      "min": 18.83544921452,
      "max": 18.93069921452,
      "times": [
        18.869256714520002,
        18.875943380520003,
        18.85255767252,
        18.92613167252,
        18.93069921452,
        18.86776563052,
        18.83662142252,
        18.85930017252,
        18.83544921452,
        18.854208630520002
      ],
      "exit_codes": [
        0,
        0,
        0,
        0,
        0,
        0,
        0,
        0,
        0,
        0
      ],
      "parameters": {
        "num_threads": "4"
      }
    },
    {
      "command": "OMP_SCHEDULE=static ./openmp/mandelbrot.out 5 < mandelbrot.in > out/220922153049/cpp.out",
      "mean": 18.621207968420002,
      "stddev": 0.022638140515863058,
      "median": 18.62079200602,
      "user": 44.453871539999994,
      "system": 0.12935233999999998,
      "min": 18.59117358952,
      "max": 18.65822658952,
      "times": [
        18.65191150552,
        18.60536613052,
        18.631116089520003,
        18.61754917252,
        18.61040175552,
        18.62403483952,
        18.59234033952,
        18.629959672520002,
        18.65822658952,
        18.59117358952
      ],
      "exit_codes": [
        0,
        0,
        0,
        0,
        0,
        0,
        0,
        0,
        0,
        0
      ],
      "parameters": {
        "num_threads": "5"
      }
    },
    {
      "command": "OMP_SCHEDULE=static ./openmp/mandelbrot.out 6 < mandelbrot.in > out/220922153049/cpp.out",
      "mean": 14.367730205820001,
      "stddev": 0.056609626905990376,
      "median": 14.361444547520001,
      "user": 44.91731964,
      "system": 0.12880733999999996,
      "min": 14.29617900552,
      "max": 14.45574317252,
      "times": [
        14.404910714520001,
        14.442358630520001,
        14.29617900552,
        14.39680729752,
        14.335789505520001,
        14.374429922520001,
        14.34845917252,
        14.45574317252,
        14.325029089520001,
        14.29759554752
      ],
      "exit_codes": [
        0,
        0,
        0,
        0,
        0,
        0,
        0,
        0,
        0,
        0
      ],
      "parameters": {
        "num_threads": "6"
      }
    },
    {
      "command": "OMP_SCHEDULE=static ./openmp/mandelbrot.out 7 < mandelbrot.in > out/220922153049/cpp.out",
      "mean": 13.964831205820001,
      "stddev": 0.08663744470719272,
      "median": 13.941783005520001,
      "user": 45.251710239999994,
      "system": 0.12795023999999997,
      "min": 13.875658172520001,
      "max": 14.19472708952,
      "times": [
        13.96299204752,
        13.97486425552,
        13.941385505520001,
        13.982003589520001,
        13.942180505520001,
        13.875658172520001,
        13.909912630520001,
        13.94110921452,
        13.92347904752,
        14.19472708952
      ],
      "exit_codes": [
        0,
        0,
        0,
        0,
        0,
        0,
        0,
        0,
        0,
        0
      ],
      "parameters": {
        "num_threads": "7"
      }
    },
    {
      "command": "OMP_SCHEDULE=static ./openmp/mandelbrot.out 8 < mandelbrot.in > out/220922153049/cpp.out",
      "mean": 12.080327910120001,
      "stddev": 0.08121337137148049,
      "median": 12.04549540152,
      "user": 45.989294439999995,
      "system": 0.16730843999999997,
      "min": 12.000326047520002,
      "max": 12.233605839520001,
      "times": [
        12.010886214520001,
        12.046720505520002,
        12.018138589520001,
        12.13501754752,
        12.09976850552,
        12.189509839520001,
        12.025035714520001,
        12.04427029752,
        12.000326047520002,
        12.233605839520001
      ],
      "exit_codes": [
        0,
        0,
        0,
        0,
        0,
        0,
        0,
        0,
        0,
        0
      ],
      "parameters": {
        "num_threads": "8"
      }
    }
  ]
}
