{
  "results": [
    {
      "command": "./rust/target/release/mandelbrot 1 < mandelbrot.in > out/220907003457/rust.out",
      "mean": 58.83327976989999,
      "stddev": 0.21825877360128612,
      "median": 58.8167509783,
      "user": 58.57557202,
      "system": 0.20250328,
      "min": 58.6238589783,
      "max": 59.2079986863,
      "times": [
        58.9776882703,
        58.9894929783,
        58.987323311299996,
        58.9894726863,
        59.2079986863,
        58.6285358533,
        58.6238589783,
        58.6421183533,
        58.6558136863,
        58.6304948953
      ],
      "exit_codes": [
        0,
        0,
        0,
        0,
        0,
        0,
        0,
        0,
        0,
        0
      ],
      "parameters": {
        "num_threads": "1"
      }
    },
    {
      "command": "./rust/target/release/mandelbrot 2 < mandelbrot.in > out/220907003457/rust.out",
      "mean": 30.405580990699995,
      "stddev": 0.08558918979779621,
      "median": 30.3787726658,
      "user": 60.29969201999999,
      "system": 0.10826977999999998,
      "min": 30.373098478299998,
      "max": 30.648967520299998,
      "times": [
        30.374382061299997,
        30.380761561299998,
        30.3769463533,
        30.3780886033,
        30.380830561299998,
        30.648967520299998,
        30.373098478299998,
        30.385564603299997,
        30.3794567283,
        30.3777134363
      ],
      "exit_codes": [
        0,
        0,
        0,
        0,
        0,
        0,
        0,
        0,
        0,
        0
      ],
      "parameters": {
        "num_threads": "2"
      }
    },
    {
      "command": "./rust/target/release/mandelbrot 3 < mandelbrot.in > out/220907003457/rust.out",
      "mean": 21.4567823491,
      "stddev": 0.4904382028121762,
      "median": 21.302539478299998,
      "user": 61.899031619999995,
      "system": 0.09416928,
      "min": 21.2917240203,
      "max": 22.8524252703,
      "times": [
        21.3026668953,
        21.3127214363,
        21.297976436299997,
        21.2917240203,
        21.3024120613,
        21.2974293953,
        21.2918472283,
        21.3145883113,
        22.8524252703,
        21.304032436299998
      ],
      "exit_codes": [
        0,
        0,
        0,
        0,
        0,
        0,
        0,
        0,
        0,
        0
      ],
      "parameters": {
        "num_threads": "3"
      }
    },
    {
      "command": "./rust/target/release/mandelbrot 4 < mandelbrot.in > out/220907003457/rust.out",
      "mean": 15.739158019999996,
      "stddev": 0.0191440491469922,
      "median": 15.741007228299999,
      "user": 61.43999501999999,
      "system": 0.08549527999999998,
      "min": 15.7084272703,
      "max": 15.7608967283,
      "times": [
        15.7607387283,
        15.7084272703,
        15.7137596453,
        15.7574416863,
        15.7401251033,
        15.7395672703,
        15.7608967283,
        15.7205480613,
        15.7481863533,
        15.7418893533
      ],
      "exit_codes": [
        0,
        0,
        0,
        0,
        0,
        0,
        0,
        0,
        0,
        0
      ],
      "parameters": {
        "num_threads": "4"
      }
    },
    {
      "command": "./rust/target/release/mandelbrot 5 < mandelbrot.in > out/220907003457/rust.out",
      "mean": 12.603567928299999,
      "stddev": 0.0013304314038793067,
      "median": 12.6032775823,
      "user": 61.40516352000001,
      "system": 0.08410327999999999,
      "min": 12.6018086863,
      "max": 12.6058761033,
      "times": [
        12.6032313113,
        12.6018086863,
        12.601820311300001,
        12.6035405203,
        12.603323853300001,
        12.6053183953,
        12.6031890203,
        12.6030863953,
        12.6044846863,
        12.6058761033
      ],
      "exit_codes": [
        0,
        0,
        0,
        0,
        0,
        0,
        0,
        0,
        0,
        0
      ],
      "parameters": {
        "num_threads": "5"
      }
    },
    {
      "command": "./rust/target/release/mandelbrot 6 < mandelbrot.in > out/220907003457/rust.out",
      "mean": 11.0907679742,
      "stddev": 0.782615533515981,
      "median": 10.712324332800002,
      "user": 62.37991122,
      "system": 0.08719217999999998,
      "min": 10.690503103300001,
      "max": 12.788594145300001,
      "times": [
        10.702801645300001,
        10.7317761863,
        10.8486277283,
        12.788594145300001,
        10.713564895300001,
        10.6950399783,
        10.690503103300001,
        12.3289916863,
        10.6966966033,
        10.7110837703
      ],
      "exit_codes": [
        0,
        0,
        0,
        0,
        0,
        0,
        0,
        0,
        0,
        0
      ],
      "parameters": {
        "num_threads": "6"
      }
    },
    {
      "command": "./rust/target/release/mandelbrot 7 < mandelbrot.in > out/220907003457/rust.out",
      "mean": 9.857634574000002,
      "stddev": 0.11979453417485701,
      "median": 9.8059370203,
      "user": 65.93383322,
      "system": 0.09844067999999999,
      "min": 9.7854015613,
      "max": 10.1330428113,
      "times": [
        9.787248936300001,
        10.1330428113,
        9.8074111453,
        9.7863518113,
        9.8113377703,
        10.0194828113,
        9.7854015613,
        9.8495510613,
        9.7920549363,
        9.8044628953
      ],
      "exit_codes": [
        0,
        0,
        0,
        0,
        0,
        0,
        0,
        0,
        0,
        0
      ],
      "parameters": {
        "num_threads": "7"
      }
    },
    {
      "command": "./rust/target/release/mandelbrot 8 < mandelbrot.in > out/220907003457/rust.out",
      "mean": 9.236313315900002,
      "stddev": 0.19481767997379146,
      "median": 9.1192364158,
      "user": 68.81882632,
      "system": 0.10756647999999998,
      "min": 9.0797343113,
      "max": 9.5208667703,
      "times": [
        9.0883776453,
        9.5058412283,
        9.510628520300001,
        9.1033755203,
        9.2229617283,
        9.0797343113,
        9.094173853300001,
        9.5208667703,
        9.135097311300001,
        9.1020762703
      ],
      "exit_codes": [
        0,
        0,
        0,
        0,
        0,
        0,
        0,
        0,
        0,
        0
      ],
      "parameters": {
        "num_threads": "8"
      }
    }
  ]
}
