{
  "results": [
    {
      "command": "OMP_SCHEDULE=guided ./openmp/mandelbrot.out 1 < mandelbrot.in > out/220927160021/cpp.out",
      "mean": 44.66472649502001,
      "stddev": 0.2760361890844338,
      "median": 44.746396570019996,
      "user": 44.50473546,
      "system": 0.10296027999999999,
      "min": 44.09231998702,
      "max": 44.89059873702,
      "times": [
        44.09231998702,
        44.23679798702,
        44.82850419502,
        44.89059873702,
        44.85828719502,
        44.75128907002,
        44.74150407002,
        44.87410565302,
        44.71405115302,
        44.65980690302
      ],
      "exit_codes": [
        0,
        0,
        0,
        0,
        0,
        0,
        0,
        0,
        0,
        0
      ],
      "parameters": {
        "num_threads": "1"
      }
    },
    {
      "command": "OMP_SCHEDULE=guided ./openmp/mandelbrot.out 2 < mandelbrot.in > out/220927160021/cpp.out",
      "mean": 22.91452543242,
      "stddev": 0.17453790624503845,
      "median": 22.910093820020002,
      "user": 45.244901760000005,
      "system": 0.07921468,
      "min": 22.70827569502,
      "max": 23.16055186202,
      "times": [
        22.74151077802,
        22.74917323702,
        22.81421557002,
        22.70827569502,
        22.76380940302,
        23.16055186202,
        23.04478577802,
        23.00597207002,
        23.10977002802,
        23.04718990302
      ],
      "exit_codes": [
        0,
        0,
        0,
        0,
        0,
        0,
        0,
        0,
        0,
        0
      ],
      "parameters": {
        "num_threads": "2"
      }
    },
    {
      "command": "OMP_SCHEDULE=guided ./openmp/mandelbrot.out 3 < mandelbrot.in > out/220927160021/cpp.out",
      "mean": 21.73276660762,
      "stddev": 1.4519365571724705,
      "median": 21.03443273702,
      "user": 47.42171146,
      "system": 0.11492238000000002,
      "min": 20.79542452802,
      "max": 24.471774862020002,
      "times": [
        21.52528698702,
        20.82877977802,
        20.98406607002,
        20.79542452802,
        20.98818548702,
        20.953524112020002,
        21.08067998702,
        21.25492107002,
        24.471774862020002,
        24.44502319502
      ],
      "exit_codes": [
        0,
        0,
        0,
        0,
        0,
        0,
        0,
        0,
        0,
        0
      ],
      "parameters": {
        "num_threads": "3"
      }
    },
    {
      "command": "OMP_SCHEDULE=guided ./openmp/mandelbrot.out 4 < mandelbrot.in > out/220927160021/cpp.out",
      "mean": 17.838674536619997,
      "stddev": 0.28797841231241517,
      "median": 17.77050861152,
      "user": 48.023086660000004,
      "system": 0.11958538,
      "min": 17.460652778020002,
      "max": 18.43054319502,
      "times": [
        17.78119761202,
        17.460652778020002,
        17.72271002802,
        18.20660515302,
        18.43054319502,
        17.66831536202,
        17.957223487020002,
        17.78041169502,
        17.61848052802,
        17.76060552802
      ],
      "exit_codes": [
        0,
        0,
        0,
        0,
        0,
        0,
        0,
        0,
        0,
        0
      ],
      "parameters": {
        "num_threads": "4"
      }
    },
    {
      "command": "OMP_SCHEDULE=guided ./openmp/mandelbrot.out 5 < mandelbrot.in > out/220927160021/cpp.out",
      "mean": 11.42721744082,
      "stddev": 0.09228876823148392,
      "median": 11.39850807002,
      "user": 44.96038176,
      "system": 0.11763448000000001,
      "min": 11.34226202802,
      "max": 11.60197948702,
      "times": [
        11.37687965302,
        11.41104798702,
        11.60197948702,
        11.48405490302,
        11.56344873702,
        11.39474365302,
        11.348662945020001,
        11.40227248702,
        11.34682252802,
        11.34226202802
      ],
      "exit_codes": [
        0,
        0,
        0,
        0,
        0,
        0,
        0,
        0,
        0,
        0
      ],
      "parameters": {
        "num_threads": "5"
      }
    },
    {
      "command": "OMP_SCHEDULE=guided ./openmp/mandelbrot.out 6 < mandelbrot.in > out/220927160021/cpp.out",
      "mean": 9.63087326582,
      "stddev": 0.07530601661565176,
      "median": 9.593538111520001,
      "user": 45.58595886,
      "system": 0.13917878,
      "min": 9.55593390302,
      "max": 9.79224302802,
      "times": [
        9.713468112020001,
        9.55593390302,
        9.67626840302,
        9.79224302802,
        9.58844386202,
        9.56990319502,
        9.64019157002,
        9.590197528020001,
        9.58520436202,
        9.596878695020001
      ],
      "exit_codes": [
        0,
        0,
        0,
        0,
        0,
        0,
        0,
        0,
        0,
        0
      ],
      "parameters": {
        "num_threads": "6"
      }
    },
    {
      "command": "OMP_SCHEDULE=guided ./openmp/mandelbrot.out 7 < mandelbrot.in > out/220927160021/cpp.out",
      "mean": 8.53578907842,
      "stddev": 0.07583197787474175,
      "median": 8.50597327802,
      "user": 47.21272835999999,
      "system": 0.12314598000000002,
      "min": 8.44868211202,
      "max": 8.70022161202,
      "times": [
        8.495661612020001,
        8.49863894502,
        8.50784990302,
        8.53805144502,
        8.50409665302,
        8.496704987020001,
        8.44868211202,
        8.52843240302,
        8.70022161202,
        8.63955111202
      ],
      "exit_codes": [
        0,
        0,
        0,
        0,
        0,
        0,
        0,
        0,
        0,
        0
      ],
      "parameters": {
        "num_threads": "7"
      }
    },
    {
      "command": "OMP_SCHEDULE=guided ./openmp/mandelbrot.out 8 < mandelbrot.in > out/220927160021/cpp.out",
      "mean": 7.953626170120001,
      "stddev": 0.1403054071315695,
      "median": 7.99582227852,
      "user": 48.30294326,
      "system": 0.15137128000000002,
      "min": 7.7197807780200005,
      "max": 8.15451598702,
      "times": [
        7.93854148702,
        8.030350737020001,
        8.036482320020001,
        8.008710862020001,
        7.83270123702,
        7.98293369502,
        8.07075340302,
        8.15451598702,
        7.7614911950200005,
        7.7197807780200005
      ],
      "exit_codes": [
        0,
        0,
        0,
        0,
        0,
        0,
        0,
        0,
        0,
        0
      ],
      "parameters": {
        "num_threads": "8"
      }
    }
  ]
}
