{
  "results": [
    {
      "command": "OMP_SCHEDULE=dynamic ./openmp/mandelbrot.out 1 < mandelbrot.in > out/220922153049/cpp.out",
      "mean": 43.93594226498,
      "stddev": 0.05264407805397959,
      "median": 43.92805175677999,
      "user": 43.688341300000005,
      "system": 0.14759986,
      "min": 43.883611298279995,
      "max": 44.058050423279994,
      "times": [
        43.95906917328,
        43.93228342328,
        43.883611298279995,
        43.923820090279996,
        43.91935467328,
        44.058050423279994,
        43.885869215279996,
        43.97508496528,
        43.888188381279996,
        43.93409100628
      ],
      "exit_codes": [
        0,
        0,
        0,
        0,
        0,
        0,
        0,
        0,
        0,
        0
      ],
      "parameters": {
        "num_threads": "1"
      }
    },
    {
      "command": "OMP_SCHEDULE=dynamic ./openmp/mandelbrot.out 2 < mandelbrot.in > out/220922153049/cpp.out",
      "mean": 22.625763473180005,
      "stddev": 0.03842087503398997,
      "median": 22.61738240228,
      "user": 44.5088269,
      "system": 0.12759515999999999,
      "min": 22.55834742328,
      "max": 22.69329488128,
      "times": [
        22.61325738128,
        22.62611763128,
        22.62150742328,
        22.69329488128,
        22.66994129828,
        22.61313250628,
        22.600683923280002,
        22.65534334028,
        22.60600892328,
        22.55834742328
      ],
      "exit_codes": [
        0,
        0,
        0,
        0,
        0,
        0,
        0,
        0,
        0,
        0
      ],
      "parameters": {
        "num_threads": "2"
      }
    },
    {
      "command": "OMP_SCHEDULE=dynamic ./openmp/mandelbrot.out 3 < mandelbrot.in > out/220922153049/cpp.out",
      "mean": 27.70473906908,
      "stddev": 0.24524426852266523,
      "median": 27.657237235780002,
      "user": 44.095808399999996,
      "system": 0.13336986,
      "min": 27.47167425628,
      "max": 28.38037292328,
      "times": [
        27.47167425628,
        27.67334271528,
        28.38037292328,
        27.60697442328,
        27.662369131280002,
        27.60251692328,
        27.64932238128,
        27.678007965280003,
        27.652105340280002,
        27.67070463128
      ],
      "exit_codes": [
        0,
        0,
        0,
        0,
        0,
        0,
        0,
        0,
        0,
        0
      ],
      "parameters": {
        "num_threads": "3"
      }
    },
    {
      "command": "OMP_SCHEDULE=dynamic ./openmp/mandelbrot.out 4 < mandelbrot.in > out/220922153049/cpp.out",
      "mean": 18.862757444080003,
      "stddev": 0.048294742737097086,
      "median": 18.86784044428,
      "user": 44.54193539999999,
      "system": 0.13863566,
      "min": 18.787722173280002,
      "max": 18.96154404828,
      "times": [
        18.86397596528,
        18.81263800628,
        18.87987204828,
        18.89586213128,
        18.87170492328,
        18.87731725628,
        18.82778779828,
        18.96154404828,
        18.849150090280002,
        18.787722173280002
      ],
      "exit_codes": [
        0,
        0,
        0,
        0,
        0,
        0,
        0,
        0,
        0,
        0
      ],
      "parameters": {
        "num_threads": "4"
      }
    },
    {
      "command": "OMP_SCHEDULE=dynamic ./openmp/mandelbrot.out 5 < mandelbrot.in > out/220922153049/cpp.out",
      "mean": 18.59922326098,
      "stddev": 0.042667705410197175,
      "median": 18.59095838178,
      "user": 44.4637452,
      "system": 0.12034065999999999,
      "min": 18.546374840280002,
      "max": 18.68868775628,
      "times": [
        18.546374840280002,
        18.62968984028,
        18.59708942328,
        18.56400596528,
        18.624726215280003,
        18.58482734028,
        18.56196279828,
        18.573324715280002,
        18.68868775628,
        18.62154371528
      ],
      "exit_codes": [
        0,
        0,
        0,
        0,
        0,
        0,
        0,
        0,
        0,
        0
      ],
      "parameters": {
        "num_threads": "5"
      }
    },
    {
      "command": "OMP_SCHEDULE=dynamic ./openmp/mandelbrot.out 6 < mandelbrot.in > out/220922153049/cpp.out",
      "mean": 14.52947678978,
      "stddev": 0.1814004703716643,
      "median": 14.528052235780002,
      "user": 45.062502699999996,
      "system": 0.08061406,
      "min": 14.30535863128,
      "max": 14.86863904828,
      "times": [
        14.30535863128,
        14.687048631280001,
        14.86863904828,
        14.31833425628,
        14.36755638128,
        14.582376423280001,
        14.473728048280002,
        14.62394888128,
        14.432901881280001,
        14.634875715280002
      ],
      "exit_codes": [
        0,
        0,
        0,
        0,
        0,
        0,
        0,
        0,
        0,
        0
      ],
      "parameters": {
        "num_threads": "6"
      }
    },
    {
      "command": "OMP_SCHEDULE=dynamic ./openmp/mandelbrot.out 7 < mandelbrot.in > out/220922153049/cpp.out",
      "mean": 13.901192952280002,
      "stddev": 0.19750899977904582,
      "median": 13.92170936078,
      "user": 45.249386900000005,
      "system": 0.10953346,
      "min": 13.591230256280001,
      "max": 14.13602513128,
      "times": [
        14.13602513128,
        14.092697756280002,
        13.91473300628,
        13.884170048280001,
        13.726314673280001,
        13.591230256280001,
        13.61779125628,
        13.92868571528,
        14.076486631280002,
        14.043795048280002
      ],
      "exit_codes": [
        0,
        0,
        0,
        0,
        0,
        0,
        0,
        0,
        0,
        0
      ],
      "parameters": {
        "num_threads": "7"
      }
    },
    {
      "command": "OMP_SCHEDULE=dynamic ./openmp/mandelbrot.out 8 < mandelbrot.in > out/220922153049/cpp.out",
      "mean": 12.38858881928,
      "stddev": 0.28701752003372166,
      "median": 12.380951715280002,
      "user": 45.90054589999999,
      "system": 0.16475995999999998,
      "min": 12.023434965280002,
      "max": 12.905145965280001,
      "times": [
        12.507582881280001,
        12.698414798280002,
        12.25061200628,
        12.023434965280002,
        12.049429465280001,
        12.54716196528,
        12.905145965280001,
        12.45530321528,
        12.306600215280001,
        12.142202715280002
      ],
      "exit_codes": [
        0,
        0,
        0,
        0,
        0,
        0,
        0,
        0,
        0,
        0
      ],
      "parameters": {
        "num_threads": "8"
      }
    }
  ]
}
