{
  "results": [
    {
      "command": "OMP_SCHEDULE=dynamic ./openmp/mandelbrot.out 1 < mandelbrot.in > out/220927160021/cpp.out",
      "mean": 44.98686164258,
      "stddev": 0.19670992848725652,
      "median": 45.04414853038,
      "user": 44.7443069,
      "system": 0.16510682000000002,
      "min": 44.567386925879994,
      "max": 45.18290471788,
      "times": [
        44.567386925879994,
        44.741147425879994,
        45.066808342879995,
        45.18290471788,
        45.16742725888,
        45.06856205088,
        44.95000855088,
        45.02148871788,
        44.95947067588,
        45.14341175888
      ],
      "exit_codes": [
        0,
        0,
        0,
        0,
        0,
        0,
        0,
        0,
        0,
        0
      ],
      "parameters": {
        "num_threads": "1"
      }
    },
    {
      "command": "OMP_SCHEDULE=dynamic ./openmp/mandelbrot.out 2 < mandelbrot.in > out/220927160021/cpp.out",
      "mean": 24.42274714248,
      "stddev": 0.2880077278011387,
      "median": 24.37440167588,
      "user": 48.2605947,
      "system": 0.08673421999999999,
      "min": 24.16277796788,
      "max": 25.12581780088,
      "times": [
        24.33052884288,
        24.26338317588,
        24.49210313388,
        24.16277796788,
        24.48137063388,
        24.18395800888,
        24.41827450888,
        25.12581780088,
        24.18146692588,
        24.58779042588
      ],
      "exit_codes": [
        0,
        0,
        0,
        0,
        0,
        0,
        0,
        0,
        0,
        0
      ],
      "parameters": {
        "num_threads": "2"
      }
    },
    {
      "command": "OMP_SCHEDULE=dynamic ./openmp/mandelbrot.out 3 < mandelbrot.in > out/220927160021/cpp.out",
      "mean": 19.45713839668,
      "stddev": 0.9901064999936344,
      "median": 18.86592661338,
      "user": 53.358828700000004,
      "system": 0.12587942000000002,
      "min": 18.63130013388,
      "max": 20.92033034288,
      "times": [
        18.63130013388,
        18.83652455088,
        18.79217300888,
        18.773973050880002,
        18.75342780088,
        18.895328675880002,
        19.276158425880002,
        20.890077133880002,
        20.802090842880002,
        20.92033034288
      ],
      "exit_codes": [
        0,
        0,
        0,
        0,
        0,
        0,
        0,
        0,
        0,
        0
      ],
      "parameters": {
        "num_threads": "3"
      }
    },
    {
      "command": "OMP_SCHEDULE=dynamic ./openmp/mandelbrot.out 4 < mandelbrot.in > out/220927160021/cpp.out",
      "mean": 19.374521267580004,
      "stddev": 0.6127994170463638,
      "median": 19.51671938438,
      "user": 53.428208600000005,
      "system": 0.16532852,
      "min": 17.78923905088,
      "max": 20.01658313388,
      "times": [
        17.78923905088,
        19.62507313388,
        20.01658313388,
        19.85217034288,
        19.40790605088,
        19.18094896788,
        19.61633392588,
        19.22351930088,
        19.47722405088,
        19.55621471788
      ],
      "exit_codes": [
        0,
        0,
        0,
        0,
        0,
        0,
        0,
        0,
        0,
        0
      ],
      "parameters": {
        "num_threads": "4"
      }
    },
    {
      "command": "OMP_SCHEDULE=dynamic ./openmp/mandelbrot.out 5 < mandelbrot.in > out/220927160021/cpp.out",
      "mean": 15.391206571680002,
      "stddev": 3.70902090107199,
      "median": 18.061994446379998,
      "user": 54.0773594,
      "system": 0.13961402,
      "min": 11.047258258880001,
      "max": 18.54471796788,
      "times": [
        18.54471796788,
        17.97656438388,
        18.27444825888,
        18.46693609288,
        18.14742450888,
        18.15854559288,
        11.047258258880001,
        11.05644663388,
        11.065462717880001,
        11.174261300880001
      ],
      "exit_codes": [
        0,
        0,
        0,
        0,
        0,
        0,
        0,
        0,
        0,
        0
      ],
      "parameters": {
        "num_threads": "5"
      }
    },
    {
      "command": "OMP_SCHEDULE=dynamic ./openmp/mandelbrot.out 6 < mandelbrot.in > out/220927160021/cpp.out",
      "mean": 10.18539691338,
      "stddev": 0.07070827459798362,
      "median": 10.210185321880001,
      "user": 57.2963757,
      "system": 0.18800612,
      "min": 10.06941400888,
      "max": 10.283780550880001,
      "times": [
        10.23577455088,
        10.212759675880001,
        10.283780550880001,
        10.193722883880001,
        10.20761096788,
        10.21473838388,
        10.22638134288,
        10.14034667588,
        10.06944009288,
        10.06941400888
      ],
      "exit_codes": [
        0,
        0,
        0,
        0,
        0,
        0,
        0,
        0,
        0,
        0
      ],
      "parameters": {
        "num_threads": "6"
      }
    },
    {
      "command": "OMP_SCHEDULE=dynamic ./openmp/mandelbrot.out 7 < mandelbrot.in > out/220927160021/cpp.out",
      "mean": 9.325181642580002,
      "stddev": 0.045017578689017956,
      "median": 9.32896913438,
      "user": 61.1561557,
      "system": 0.14070722,
      "min": 9.26506913388,
      "max": 9.39461638388,
      "times": [
        9.354140217880001,
        9.33201521788,
        9.39461638388,
        9.36901896788,
        9.36382400888,
        9.28086530088,
        9.26506913388,
        9.280912842880001,
        9.32592305088,
        9.285431300880001
      ],
      "exit_codes": [
        0,
        0,
        0,
        0,
        0,
        0,
        0,
        0,
        0,
        0
      ],
      "parameters": {
        "num_threads": "7"
      }
    },
    {
      "command": "OMP_SCHEDULE=dynamic ./openmp/mandelbrot.out 8 < mandelbrot.in > out/220927160021/cpp.out",
      "mean": 9.238911584179998,
      "stddev": 0.11200081359082063,
      "median": 9.198553113380001,
      "user": 61.2281236,
      "system": 0.16003262,
      "min": 9.13191213388,
      "max": 9.498665175880001,
      "times": [
        9.21372392588,
        9.32252800888,
        9.30337767588,
        9.16269796788,
        9.18338230088,
        9.498665175880001,
        9.13191213388,
        9.17166680088,
        9.14653246788,
        9.254629383880001
      ],
      "exit_codes": [
        0,
        0,
        0,
        0,
        0,
        0,
        0,
        0,
        0,
        0
      ],
      "parameters": {
        "num_threads": "8"
      }
    }
  ]
}
