{
  "results": [
    {
      "command": "./cpp/mandelbrot.out 1 < mandelbrot.in > out/220922153049/cpp.out",
      "mean": 44.43893241168,
      "stddev": 0.14158437665539408,
      "median": 44.42297132838,
      "user": 44.16028684,
      "system": 0.14295416,
      "min": 44.278941557879996,
      "max": 44.70464401588,
      "times": [
        44.70464401588,
        44.54049022388,
        44.450690098879996,
        44.31874034888,
        44.279185390879995,
        44.278941557879996,
        44.51292826588,
        44.39525255788,
        44.340324723879995,
        44.56812693288
      ],
      "exit_codes": [
        0,
        0,
        0,
        0,
        0,
        0,
        0,
        0,
        0,
        0
      ],
      "parameters": {
        "num_threads": "1"
      }
    },
    {
      "command": "./cpp/mandelbrot.out 2 < mandelbrot.in > out/220922153049/cpp.out",
      "mean": 22.986988007580003,
      "stddev": 0.22040287721485732,
      "median": 22.93962018238,
      "user": 45.06879823999999,
      "system": 0.14137975999999997,
      "min": 22.773565348880002,
      "max": 23.50337776588,
      "times": [
        22.93201634888,
        23.08123943288,
        22.97792201588,
        23.50337776588,
        23.15773705788,
        22.91477364088,
        22.94722401588,
        22.773565348880002,
        22.78011518288,
        22.80190926588
      ],
      "exit_codes": [
        0,
        0,
        0,
        0,
        0,
        0,
        0,
        0,
        0,
        0
      ],
      "parameters": {
        "num_threads": "2"
      }
    },
    {
      "command": "./cpp/mandelbrot.out 3 < mandelbrot.in > out/220922153049/cpp.out",
      "mean": 15.424188411780003,
      "stddev": 0.1405434733400661,
      "median": 15.37625357838,
      "user": 44.827286439999995,
      "system": 0.10492045999999997,
      "min": 15.28815122388,
      "max": 15.73075639088,
      "times": [
        15.30377080788,
        15.33328951588,
        15.28815122388,
        15.558586807880001,
        15.73075639088,
        15.33880322388,
        15.42891218288,
        15.51523264088,
        15.33067739088,
        15.41370393288
      ],
      "exit_codes": [
        0,
        0,
        0,
        0,
        0,
        0,
        0,
        0,
        0,
        0
      ],
      "parameters": {
        "num_threads": "3"
      }
    },
    {
      "command": "./cpp/mandelbrot.out 4 < mandelbrot.in > out/220922153049/cpp.out",
      "mean": 11.75183774508,
      "stddev": 0.13397976144980284,
      "median": 11.71312966138,
      "user": 45.12338224,
      "system": 0.10787946,
      "min": 11.65747405788,
      "max": 12.10822722388,
      "times": [
        11.69901830788,
        11.65747405788,
        11.67363814088,
        11.66063576588,
        11.71227497388,
        11.71756430788,
        11.71398434888,
        12.10822722388,
        11.81657143288,
        11.75898889088
      ],
      "exit_codes": [
        0,
        0,
        0,
        0,
        0,
        0,
        0,
        0,
        0,
        0
      ],
      "parameters": {
        "num_threads": "4"
      }
    },
    {
      "command": "./cpp/mandelbrot.out 5 < mandelbrot.in > out/220922153049/cpp.out",
      "mean": 9.67305643258,
      "stddev": 0.1283296371802155,
      "median": 9.66425945338,
      "user": 45.70883854,
      "system": 0.12031275999999999,
      "min": 9.48947734888,
      "max": 9.92116339088,
      "times": [
        9.68152605788,
        9.66775055788,
        9.92116339088,
        9.76228672388,
        9.80604443288,
        9.66076834888,
        9.56840376588,
        9.48947734888,
        9.56261318288,
        9.61053051588
      ],
      "exit_codes": [
        0,
        0,
        0,
        0,
        0,
        0,
        0,
        0,
        0,
        0
      ],
      "parameters": {
        "num_threads": "5"
      }
    },
    {
      "command": "./cpp/mandelbrot.out 6 < mandelbrot.in > out/220922153049/cpp.out",
      "mean": 8.539759915880001,
      "stddev": 0.12019694807580268,
      "median": 8.513567765880001,
      "user": 47.43177174,
      "system": 0.13831875999999999,
      "min": 8.40135059888,
      "max": 8.743830515880001,
      "times": [
        8.58438105788,
        8.548461682880001,
        8.47213376588,
        8.430353932880001,
        8.41461684888,
        8.40135059888,
        8.47867384888,
        8.743830515880001,
        8.63557226588,
        8.68822464088
      ],
      "exit_codes": [
        0,
        0,
        0,
        0,
        0,
        0,
        0,
        0,
        0,
        0
      ],
      "parameters": {
        "num_threads": "6"
      }
    },
    {
      "command": "./cpp/mandelbrot.out 7 < mandelbrot.in > out/220922153049/cpp.out",
      "mean": 8.06087059088,
      "stddev": 0.14256999167415055,
      "median": 8.09544314088,
      "user": 47.841453139999985,
      "system": 0.14364415999999997,
      "min": 7.7297482658800005,
      "max": 8.24877230788,
      "times": [
        8.03381380788,
        8.09245247388,
        8.19168472388,
        8.24877230788,
        8.12062164088,
        7.96074939088,
        8.02103514088,
        8.111394348880001,
        8.09843380788,
        7.7297482658800005
      ],
      "exit_codes": [
        0,
        0,
        0,
        0,
        0,
        0,
        0,
        0,
        0,
        0
      ],
      "parameters": {
        "num_threads": "7"
      }
    },
    {
      "command": "./cpp/mandelbrot.out 8 < mandelbrot.in > out/220922153049/cpp.out",
      "mean": 7.802520090980001,
      "stddev": 0.12815817143890387,
      "median": 7.817242307880001,
      "user": 48.57128754,
      "system": 0.17475925999999994,
      "min": 7.5032125158800005,
      "max": 7.950631140880001,
      "times": [
        7.84784589088,
        7.83122468288,
        7.950631140880001,
        7.88691355788,
        7.8032599328800005,
        7.5032125158800005,
        7.7959177658800005,
        7.70873293288,
        7.76753089088,
        7.9299315988800005
      ],
      "exit_codes": [
        0,
        0,
        0,
        0,
        0,
        0,
        0,
        0,
        0,
        0
      ],
      "parameters": {
        "num_threads": "8"
      }
    }
  ]
}
