{
  "results": [
    {
      "command": "OMP_SCHEDULE=guided ./openmp/mandelbrot.out 1 < mandelbrot.in > out/220922153049/cpp.out",
      "mean": 44.19455031337999,
      "stddev": 0.9018611814660138,
      "median": 43.97633010498001,
      "user": 43.6548386,
      "system": 0.17633457999999996,
      "min": 42.97076814698,
      "max": 46.00496943798,
      "times": [
        42.97076814698,
        43.403096146980005,
        43.86676231298,
        43.908375521980005,
        43.78800889698,
        45.431377854980006,
        46.00496943798,
        44.295205354980006,
        44.04428468798,
        44.23265477198
      ],
      "exit_codes": [
        0,
        0,
        0,
        0,
        0,
        0,
        0,
        0,
        0,
        0
      ],
      "parameters": {
        "num_threads": "1"
      }
    },
    {
      "command": "OMP_SCHEDULE=guided ./openmp/mandelbrot.out 2 < mandelbrot.in > out/220922153049/cpp.out",
      "mean": 23.584867100879997,
      "stddev": 2.048566530854647,
      "median": 22.76956629248,
      "user": 44.8114857,
      "system": 0.16781748000000002,
      "min": 22.53846202198,
      "max": 29.21848943798,
      "times": [
        29.21848943798,
        23.87489585498,
        22.53846202198,
        22.59629064698,
        22.60630052198,
        22.61619002198,
        22.75879435498,
        23.97793585498,
        22.78033822998,
        22.88097406298
      ],
      "exit_codes": [
        0,
        0,
        0,
        0,
        0,
        0,
        0,
        0,
        0,
        0
      ],
      "parameters": {
        "num_threads": "2"
      }
    },
    {
      "command": "OMP_SCHEDULE=guided ./openmp/mandelbrot.out 3 < mandelbrot.in > out/220922153049/cpp.out",
      "mean": 28.165557596680003,
      "stddev": 0.5832653692569766,
      "median": 28.037504834479996,
      "user": 44.3197881,
      "system": 0.18279627999999998,
      "min": 27.70213977198,
      "max": 29.70944297998,
      "times": [
        28.20563560498,
        27.862656062979998,
        27.70213977198,
        27.78857481298,
        28.03776714698,
        28.32337914698,
        27.758082312979997,
        28.23065560498,
        28.037242521979998,
        29.70944297998
      ],
      "exit_codes": [
        0,
        0,
        0,
        0,
        0,
        0,
        0,
        0,
        0,
        0
      ],
      "parameters": {
        "num_threads": "3"
      }
    },
    {
      "command": "OMP_SCHEDULE=guided ./openmp/mandelbrot.out 4 < mandelbrot.in > out/220922153049/cpp.out",
      "mean": 19.06728042168,
      "stddev": 0.364618410605945,
      "median": 18.94499839648,
      "user": 44.67152639999999,
      "system": 0.16154608,
      "min": 18.828432771979998,
      "max": 20.07275652198,
      "times": [
        19.08220052198,
        18.96313131298,
        20.07275652198,
        19.08806818798,
        18.92349018798,
        18.92686547998,
        19.04309610498,
        18.828432771979998,
        18.86795977198,
        18.876803354979998
      ],
      "exit_codes": [
        0,
        0,
        0,
        0,
        0,
        0,
        0,
        0,
        0,
        0
      ],
      "parameters": {
        "num_threads": "4"
      }
    },
    {
      "command": "OMP_SCHEDULE=guided ./openmp/mandelbrot.out 5 < mandelbrot.in > out/220922153049/cpp.out",
      "mean": 18.79308656738,
      "stddev": 0.30101396761939714,
      "median": 18.67181566748,
      "user": 44.6248406,
      "system": 0.14106158,
      "min": 18.60779085498,
      "max": 19.57447881298,
      "times": [
        19.039615146979997,
        18.66841318798,
        18.67521814698,
        18.73371006298,
        18.63656727198,
        18.65661206298,
        18.63028418798,
        18.60779085498,
        18.70817593798,
        19.57447881298
      ],
      "exit_codes": [
        0,
        0,
        0,
        0,
        0,
        0,
        0,
        0,
        0,
        0
      ],
      "parameters": {
        "num_threads": "5"
      }
    },
    {
      "command": "OMP_SCHEDULE=guided ./openmp/mandelbrot.out 6 < mandelbrot.in > out/220922153049/cpp.out",
      "mean": 15.51346916338,
      "stddev": 1.9969774404106047,
      "median": 14.575874813479999,
      "user": 45.2008027,
      "system": 0.16742748,
      "min": 14.32701935498,
      "max": 19.445621521979998,
      "times": [
        19.10631568798,
        19.445621521979998,
        14.56721960498,
        14.32701935498,
        14.357552646979999,
        14.37666968798,
        14.58453002198,
        15.026480229979999,
        14.48195702198,
        14.861325854979999
      ],
      "exit_codes": [
        0,
        0,
        0,
        0,
        0,
        0,
        0,
        0,
        0,
        0
      ],
      "parameters": {
        "num_threads": "6"
      }
    },
    {
      "command": "OMP_SCHEDULE=guided ./openmp/mandelbrot.out 7 < mandelbrot.in > out/220922153049/cpp.out",
      "mean": 14.926908896779997,
      "stddev": 0.9476655318753695,
      "median": 14.957593938479999,
      "user": 45.7128987,
      "system": 0.23676297999999996,
      "min": 13.86509860498,
      "max": 16.95984664698,
      "times": [
        14.49960968798,
        15.46226747998,
        15.459925021979998,
        16.95984664698,
        14.86784397998,
        15.04734389698,
        15.23215889698,
        13.86509860498,
        13.935057771979999,
        13.939936979979999
      ],
      "exit_codes": [
        0,
        0,
        0,
        0,
        0,
        0,
        0,
        0,
        0,
        0
      ],
      "parameters": {
        "num_threads": "7"
      }
    },
    {
      "command": "OMP_SCHEDULE=guided ./openmp/mandelbrot.out 8 < mandelbrot.in > out/220922153049/cpp.out",
      "mean": 15.319268671579996,
      "stddev": 4.7787067109776995,
      "median": 13.52664302198,
      "user": 46.2300341,
      "system": 0.17085568,
      "min": 11.95451964698,
      "max": 25.05938618798,
      "times": [
        12.04388006298,
        11.95451964698,
        14.01827768798,
        25.05938618798,
        23.368727812979998,
        14.38664635498,
        13.037492771979998,
        12.91429768798,
        12.39366522998,
        14.01579327198
      ],
      "exit_codes": [
        0,
        0,
        0,
        0,
        0,
        0,
        0,
        0,
        0,
        0
      ],
      "parameters": {
        "num_threads": "8"
      }
    }
  ]
}
