{
  "results": [
    {
      "command": "./seq/mandelbrot.out 1 < mandelbrot.in > out/220905104019/seq.out",
      "mean": 7.0712211666,
      "stddev": 0.31096454858776157,
      "median": 6.9541852085,
      "user": 6.911084299999999,
      "system": 0.051963880000000004,
      "min": 6.850243020500001,
      "max": 7.7618628545,
      "times": [
        7.5326880205,
        7.7618628545,
        6.951743604500001,
        6.956626812500001,
        6.8948022705000005,
        6.980248979500001,
        6.9050080625,
        6.850243020500001,
        6.9740223955000005,
        6.904965645500001
      ],
      "exit_codes": [
        0,
        0,
        0,
        0,
        0,
        0,
        0,
        0,
        0,
        0
      ],
      "parameters": {
        "num_threads": "1"
      }
    },
    {
      "command": "./seq/mandelbrot.out 2 < mandelbrot.in > out/220905104019/seq.out",
      "mean": 6.8947066125,
      "stddev": 0.030196789467883584,
      "median": 6.8776468955,
      "user": 6.8315123,
      "system": 0.04861478,
      "min": 6.8616125625,
      "max": 6.9538973125000005,
      "times": [
        6.8743581455000005,
        6.9245456045000005,
        6.8774468955,
        6.8778468955,
        6.8744860205,
        6.920249479500001,
        6.9091571045,
        6.8734661045,
        6.9538973125000005,
        6.8616125625
      ],
      "exit_codes": [
        0,
        0,
        0,
        0,
        0,
        0,
        0,
        0,
        0,
        0
      ],
      "parameters": {
        "num_threads": "2"
      }
    },
    {
      "command": "./seq/mandelbrot.out 3 < mandelbrot.in > out/220905104019/seq.out",
      "mean": 6.900933266700001,
      "stddev": 0.039112683009573275,
      "median": 6.8985109165,
      "user": 6.831614499999999,
      "system": 0.054471179999999994,
      "min": 6.842436104500001,
      "max": 6.9670458125,
      "times": [
        6.897523312500001,
        6.886261145500001,
        6.9082297295,
        6.842436104500001,
        6.847113895500001,
        6.9525828125,
        6.9116037295,
        6.9670458125,
        6.8994985205,
        6.8970376045
      ],
      "exit_codes": [
        0,
        0,
        0,
        0,
        0,
        0,
        0,
        0,
        0,
        0
      ],
      "parameters": {
        "num_threads": "3"
      }
    },
    {
      "command": "./seq/mandelbrot.out 4 < mandelbrot.in > out/220905104019/seq.out",
      "mean": 6.921995908400001,
      "stddev": 0.04864605076204949,
      "median": 6.925184646000001,
      "user": 6.851511500000001,
      "system": 0.048511280000000004,
      "min": 6.8407363955000005,
      "max": 6.981105979500001,
      "times": [
        6.9081516875,
        6.8887114795,
        6.981105979500001,
        6.974935187500001,
        6.911805104500001,
        6.970495937500001,
        6.8407363955000005,
        6.860150020500001,
        6.945303104500001,
        6.938564187500001
      ],
      "exit_codes": [
        0,
        0,
        0,
        0,
        0,
        0,
        0,
        0,
        0,
        0
      ],
      "parameters": {
        "num_threads": "4"
      }
    },
    {
      "command": "./seq/mandelbrot.out 5 < mandelbrot.in > out/220905104019/seq.out",
      "mean": 6.8860007582,
      "stddev": 0.024643498479062494,
      "median": 6.884862125,
      "user": 6.823459599999998,
      "system": 0.053911980000000005,
      "min": 6.8439325625,
      "max": 6.9303642705,
      "times": [
        6.8439325625,
        6.8712450205,
        6.873563395500001,
        6.9049323545000005,
        6.9303642705,
        6.8955072705000005,
        6.8938343125,
        6.9046341455,
        6.8758899375,
        6.8661043125
      ],
      "exit_codes": [
        0,
        0,
        0,
        0,
        0,
        0,
        0,
        0,
        0,
        0
      ],
      "parameters": {
        "num_threads": "5"
      }
    },
    {
      "command": "./seq/mandelbrot.out 6 < mandelbrot.in > out/220905104019/seq.out",
      "mean": 6.883846887600001,
      "stddev": 0.04137056223857372,
      "median": 6.8712283335,
      "user": 6.8219875000000005,
      "system": 0.04542368,
      "min": 6.829707020500001,
      "max": 6.954110062500001,
      "times": [
        6.9140751045,
        6.927098437500001,
        6.880588937500001,
        6.9134496045,
        6.954110062500001,
        6.8610522705,
        6.8618677295,
        6.861080604500001,
        6.835439104500001,
        6.829707020500001
      ],
      "exit_codes": [
        0,
        0,
        0,
        0,
        0,
        0,
        0,
        0,
        0,
        0
      ],
      "parameters": {
        "num_threads": "6"
      }
    },
    {
      "command": "./seq/mandelbrot.out 7 < mandelbrot.in > out/220905104019/seq.out",
      "mean": 6.8837652042,
      "stddev": 0.053967355059028624,
      "median": 6.8651655,
      "user": 6.8214011,
      "system": 0.04539548,
      "min": 6.825695229500001,
      "max": 6.964915895500001,
      "times": [
        6.8492873545,
        6.8800459795,
        6.8502850205,
        6.958143312500001,
        6.917989937500001,
        6.964915895500001,
        6.927027020500001,
        6.825695229500001,
        6.8356004795,
        6.8286618125
      ],
      "exit_codes": [
        0,
        0,
        0,
        0,
        0,
        0,
        0,
        0,
        0,
        0
      ],
      "parameters": {
        "num_threads": "7"
      }
    },
    {
      "command": "./seq/mandelbrot.out 8 < mandelbrot.in > out/220905104019/seq.out",
      "mean": 6.881566941700001,
      "stddev": 0.036922363260126455,
      "median": 6.8820018545,
      "user": 6.820971,
      "system": 0.04598228000000001,
      "min": 6.8340756875,
      "max": 6.9420489375,
      "times": [
        6.8346793545,
        6.8994808545,
        6.8340756875,
        6.863136020500001,
        6.8671987295,
        6.9089303955000005,
        6.850817145500001,
        6.9184973125,
        6.896804979500001,
        6.9420489375
      ],
      "exit_codes": [
        0,
        0,
        0,
        0,
        0,
        0,
        0,
        0,
        0,
        0
      ],
      "parameters": {
        "num_threads": "8"
      }
    },
    {
      "command": "./seq/mandelbrot.out 9 < mandelbrot.in > out/220905104019/seq.out",
      "mean": 6.8869909874,
      "stddev": 0.04432488708733797,
      "median": 6.8787297705,
      "user": 6.8264748,
      "system": 0.04543378,
      "min": 6.8289784375,
      "max": 6.9616941455,
      "times": [
        6.9616941455,
        6.8908716045,
        6.863772020500001,
        6.8381898125000005,
        6.8289784375,
        6.8756860205,
        6.8817735205,
        6.8583280625,
        6.944106687500001,
        6.926509562500001
      ],
      "exit_codes": [
        0,
        0,
        0,
        0,
        0,
        0,
        0,
        0,
        0,
        0
      ],
      "parameters": {
        "num_threads": "9"
      }
    },
    {
      "command": "./seq/mandelbrot.out 10 < mandelbrot.in > out/220905104019/seq.out",
      "mean": 6.9065271708,
      "stddev": 0.02884353118154027,
      "median": 6.9007973335,
      "user": 6.829204300000001,
      "system": 0.06105988000000001,
      "min": 6.8602768545,
      "max": 6.9572923125,
      "times": [
        6.940556437500001,
        6.9034591875,
        6.9317614795,
        6.895334395500001,
        6.9572923125,
        6.8981354795000005,
        6.9042513955,
        6.884690395500001,
        6.8602768545,
        6.889513770500001
      ],
      "exit_codes": [
        0,
        0,
        0,
        0,
        0,
        0,
        0,
        0,
        0,
        0
      ],
      "parameters": {
        "num_threads": "10"
      }
    },
    {
      "command": "./seq/mandelbrot.out 11 < mandelbrot.in > out/220905104019/seq.out",