{
  "results": [
    {
      "command": "./cpp/mandelbrot.out 1 < mandelbrot.in > out/220905120539/cpp.out",
      "mean": 6.91578533654,
      "stddev": 0.008474040517429065,
      "median": 6.9150828322399995,
      "user": 6.8539636,
      "system": 0.0493694,
      "min": 6.90283687424,
      "max": 6.93639295724,
      "times": [
        6.91666699924,
        6.90990129124,
        6.91388670724,
        6.91317445724,
        6.93639295724,
        6.91451283224,
        6.90283687424,
        6.91565283224,
        6.91818345724,
        6.91664495724
      ],
      "exit_codes": [
        0,
        0,
        0,
        0,
        0,
        0,
        0,
        0,
        0,
        0
      ],
      "parameters": {
        "num_threads": "1"
      }
    },
    {
      "command": "./cpp/mandelbrot.out 2 < mandelbrot.in > out/220905120539/cpp.out",
      "mean": 3.7157519408399993,
      "stddev": 0.004201048994219277,
      "median": 3.71403214474,
      "user": 6.995316099999999,
      "system": 0.0389242,
      "min": 3.71206354124,
      "max": 3.72385737424,
      "times": [
        3.71206354124,
        3.71421195724,
        3.71977762424,
        3.71656354124,
        3.71242270724,
        3.71238149924,
        3.71385233224,
        3.72385737424,
        3.72030883224,
        3.71207999924
      ],
      "exit_codes": [
        0,
        0,
        0,
        0,
        0,
        0,
        0,
        0,
        0,
        0
      ],
      "parameters": {
        "num_threads": "2"
      }
    },
    {
      "command": "./cpp/mandelbrot.out 3 < mandelbrot.in > out/220905120539/cpp.out",
      "mean": 2.64765100334,
      "stddev": 0.012354187080013686,
      "median": 2.64323329074,
      "user": 7.098459200000001,
      "system": 0.0379967,
      "min": 2.63833445724,
      "max": 2.67700387424,
      "times": [
        2.63957241624,
        2.63833445724,
        2.64037066624,
        2.64785208224,
        2.64175499924,
        2.67700387424,
        2.64605474924,
        2.63934683224,
        2.6447115822400002,
        2.6615083742400003
      ],
      "exit_codes": [
        0,
        0,
        0,
        0,
        0,
        0,
        0,
        0,
        0,
        0
      ],
      "parameters": {
        "num_threads": "3"
      }
    },
    {
      "command": "./cpp/mandelbrot.out 4 < mandelbrot.in > out/220905120539/cpp.out",
      "mean": 2.09094312834,
      "stddev": 0.002929346757935435,
      "median": 2.09077176974,
      "user": 7.1414878,
      "system": 0.035156999999999994,
      "min": 2.08569124924,
      "max": 2.09487245724,
      "times": [
        2.09102070724,
        2.09052283224,
        2.08569124924,
        2.08811999924,
        2.09445716624,
        2.09045391624,
        2.09198283224,
        2.09487245724,
        2.08867549924,
        2.09363462424
      ],
      "exit_codes": [
        0,
        0,
        0,
        0,
        0,
        0,
        0,
        0,
        0,
        0
      ],
      "parameters": {
        "num_threads": "4"
      }
    },
    {
      "command": "./cpp/mandelbrot.out 5 < mandelbrot.in > out/220905120539/cpp.out",
      "mean": 1.76560189924,
      "stddev": 0.0037332663919126684,
      "median": 1.76421452024,
      "user": 7.1988885,
      "system": 0.03690539999999999,
      "min": 1.76341870724,
      "max": 1.77572779124,
      "times": [
        1.76349120724,
        1.76456699924,
        1.76349708224,
        1.76590324924,
        1.77572779124,
        1.76341870724,
        1.76386204124,
        1.7655320412400002,
        1.7635342072400002,
        1.76648566624
      ],
      "exit_codes": [
        0,
        0,
        0,
        0,
        0,
        0,
        0,
        0,
        0,
        0
      ],
      "parameters": {
        "num_threads": "5"
      }
    },
    {
      "command": "./cpp/mandelbrot.out 6 < mandelbrot.in > out/220905120539/cpp.out",
      "mean": 1.5709679407399997,
      "stddev": 0.008433955954972563,
      "median": 1.5693003947400002,
      "user": 7.335547199999999,
      "system": 0.03588619999999999,
      "min": 1.56138999924,
      "max": 1.58654762424,
      "times": [
        1.5681460822400002,
        1.56524745724,
        1.5632122072399999,
        1.5704547072400001,
        1.58065266624,
        1.56433995724,
        1.57055237424,
        1.57913633224,
        1.56138999924,
        1.58654762424
      ],
      "exit_codes": [
        0,
        0,
        0,
        0,
        0,
        0,
        0,
        0,
        0,
        0
      ],
      "parameters": {
        "num_threads": "6"
      }
    },
    {
      "command": "./cpp/mandelbrot.out 7 < mandelbrot.in > out/220905120539/cpp.out",
      "mean": 1.5631121866400002,
      "stddev": 0.047820376737351615,
      "median": 1.5533434157400001,
      "user": 7.874013700000001,
      "system": 0.0399262,
      "min": 1.5173069992400001,
      "max": 1.67901054124,
      "times": [
        1.55327245724,
        1.5227282072400001,
        1.5211982072399999,
        1.67901054124,
        1.59419312424,
        1.5173069992400001,
        1.55341437424,
        1.54883883224,
        1.5608132912400001,
        1.58034583224
      ],
      "exit_codes": [
        0,
        0,
        0,
        0,
        0,
        0,
        0,
        0,
        0,
        0
      ],
      "parameters": {
        "num_threads": "7"
      }
    },
    {
      "command": "./cpp/mandelbrot.out 8 < mandelbrot.in > out/220905120539/cpp.out",
      "mean": 1.48940216174,
      "stddev": 0.021052533268301945,
      "median": 1.48726070724,
      "user": 8.353427,
      "system": 0.040744499999999996,
      "min": 1.46060554124,
      "max": 1.5220104992399999,
      "times": [
        1.48644058224,
        1.47541724924,
        1.50410449924,
        1.46060554124,
        1.48808083224,
        1.5156516662400001,
        1.47713662424,
        1.5220104992399999,
        1.46313829124,
        1.5014358322399999
      ],
      "exit_codes": [
        0,
        0,
        0,
        0,
        0,
        0,
        0,
        0,
        0,
        0
      ],
      "parameters": {
        "num_threads": "8"
      }
    },
    {
      "command": "./cpp/mandelbrot.out 9 < mandelbrot.in > out/220905120539/cpp.out",
      "mean": 1.4858295533399999,
      "stddev": 0.027586712659449397,
      "median": 1.47787726974,
      "user": 8.4045399,
      "system": 0.0424134,
      "min": 1.45673445724,
      "max": 1.53920270724,
      "times": [
        1.46747174924,
        1.46928670724,
        1.47700520724,
        1.48443662424,
        1.53920270724,
        1.53262879124,
        1.48113491624,
        1.47164504124,
        1.45673445724,
        1.47874933224
      ],
      "exit_codes": [
        0,
        0,
        0,
        0,
        0,
        0,
        0,
        0,
        0,
        0
      ],
      "parameters": {
        "num_threads": "9"
      }
    },
    {
      "command": "./cpp/mandelbrot.out 10 < mandelbrot.in > out/220905120539/cpp.out",
      "mean": 1.5131542326400003,
      "stddev": 0.09366934551679716,
      "median": 1.4816476032399999,
      "user": 8.3975575,
      "system": 0.0468293,
      "min": 1.46003516624,
      "max": 1.77707095724,
      "times": [
        1.77707095724,
        1.48003958224,
        1.48310524924,
        1.4992991662400001,
        1.47777887424,
        1.46003516624,
        1.49896491624,
        1.48018995724,
        1.50249054124,
        1.47256791624
      ],
      "exit_codes": [
        0,
        0,
        0,
        0,
        0,
        0,
        0,
        0,
        0,
        0
      ],
      "parameters": {
        "num_threads": "10"
      }
    },
    {
      "command": "./cpp/mandelbrot.out 11 < mandelbrot.in > out/220905120539/cpp.out",
      "mean": 1.46719717424,
      "stddev": 0.007767274911274324,
      "median": 1.4691774992400002,