{
  "results": [
    {
      "command": "./cpp/mandelbrot.out 1 < mandelbrot.in > out/220905104019/cpp.out",
      "mean": 6.883943080100002,
      "stddev": 0.01909714998167399,
      "median": 6.8794602426,
      "user": 6.830465579999999,
      "system": 0.04549088,
      "min": 6.8651820756,
      "max": 6.931134950600001,
      "times": [
        6.8958342846,
        6.8682139096000006,
        6.8776771176,
        6.8701628256000005,
        6.8869721596,
        6.931134950600001,
        6.8761690756,
        6.8651820756,
        6.881243367600001,
        6.886841034600001
      ],
      "exit_codes": [
        0,
        0,
        0,
        0,
        0,
        0,
        0,
        0,
        0,
        0
      ],
      "parameters": {
        "num_threads": "1"
      }
    },
    {
      "command": "./cpp/mandelbrot.out 2 < mandelbrot.in > out/220905104019/cpp.out",
      "mean": 3.7390045008,
      "stddev": 0.01883780230671432,
      "median": 3.7380506176,
      "user": 7.01425278,
      "system": 0.039293579999999995,
      "min": 3.7179764505999997,
      "max": 3.7701220756,
      "times": [
        3.7239811175999997,
        3.7211328256,
        3.7179764505999997,
        3.7455247006,
        3.7676098255999997,
        3.7211653676,
        3.7464314096,
        3.7701220756,
        3.7390977426,
        3.7370034926
      ],
      "exit_codes": [
        0,
        0,
        0,
        0,
        0,
        0,
        0,
        0,
        0,
        0
      ],
      "parameters": {
        "num_threads": "2"
      }
    },
    {
      "command": "./cpp/mandelbrot.out 3 < mandelbrot.in > out/220905104019/cpp.out",
      "mean": 2.6628982467999998,
      "stddev": 0.02061625168604096,
      "median": 2.6541013471,
      "user": 7.134520480000001,
      "system": 0.04309057999999999,
      "min": 2.6473034506,
      "max": 2.7113852846,
      "times": [
        2.6481633676,
        2.6699404926,
        2.7113852846,
        2.6846133256,
        2.6588717425999997,
        2.6492775346,
        2.6542452846,
        2.6539574096,
        2.6512245755999997,
        2.6473034506
      ],
      "exit_codes": [
        0,
        0,
        0,
        0,
        0,
        0,
        0,
        0,
        0,
        0
      ],
      "parameters": {
        "num_threads": "3"
      }
    },
    {
      "command": "./cpp/mandelbrot.out 4 < mandelbrot.in > out/220905104019/cpp.out",
      "mean": 2.0944324758999997,
      "stddev": 0.008902496323049458,
      "median": 2.0917899716,
      "user": 7.13923278,
      "system": 0.03070518,
      "min": 2.0831573255999998,
      "max": 2.1087122006,
      "times": [
        2.1073391175999996,
        2.0913457006,
        2.0831573255999998,
        2.0844290346,
        2.1024938256,
        2.0902631175999997,
        2.0942582846,
        2.0900919096,
        2.1087122006,
        2.0922342425999996
      ],
      "exit_codes": [
        0,
        0,
        0,
        0,
        0,
        0,
        0,
        0,
        0,
        0
      ],
      "parameters": {
        "num_threads": "4"
      }
    },
    {
      "command": "./cpp/mandelbrot.out 5 < mandelbrot.in > out/220905104019/cpp.out",
      "mean": 1.7863514343000002,
      "stddev": 0.03276167113306549,
      "median": 1.7772843051,
      "user": 7.19508908,
      "system": 0.03664788,
      "min": 1.7603396596,
      "max": 1.8735761596,
      "times": [
        1.7732610346000002,
        1.7637480756,
        1.7603396596,
        1.7846118676,
        1.8735761596,
        1.7888931596,
        1.7978363256,
        1.7666794506,
        1.7775151176,
        1.7770534926000001
      ],
      "exit_codes": [
        0,
        0,
        0,
        0,
        0,
        0,
        0,
        0,
        0,
        0
      ],
      "parameters": {
        "num_threads": "5"
      }
    },
    {
      "command": "./cpp/mandelbrot.out 6 < mandelbrot.in > out/220905104019/cpp.out",
      "mean": 1.61202143,
      "stddev": 0.06730676904557274,
      "median": 1.6019953051,
      "user": 7.29700848,
      "system": 0.03848317999999999,
      "min": 1.5580019926000002,
      "max": 1.7843530346,
      "times": [
        1.6482002006,
        1.5659197006,
        1.6177118676,
        1.5657600756,
        1.6126899926,
        1.7843530346,
        1.6028192426,
        1.5580019926000002,
        1.5635868256,
        1.6011713676
      ],
      "exit_codes": [
        0,
        0,
        0,
        0,
        0,
        0,
        0,
        0,
        0,
        0
      ],
      "parameters": {
        "num_threads": "6"
      }
    },
    {
      "command": "./cpp/mandelbrot.out 7 < mandelbrot.in > out/220905104019/cpp.out",
      "mean": 1.5794163258,
      "stddev": 0.10539782972694482,
      "median": 1.5628811176,
      "user": 7.770730379999999,
      "system": 0.04963738,
      "min": 1.4978664506,
      "max": 1.8593995756000001,
      "times": [
        1.5250375756,
        1.5022649096,
        1.5703176176,
        1.5137605755999999,
        1.5554446176,
        1.6100120756,
        1.5878712006000002,
        1.8593995756000001,
        1.5721886596,
        1.4978664506
      ],
      "exit_codes": [
        0,
        0,
        0,
        0,
        0,
        0,
        0,
        0,
        0,
        0
      ],
      "parameters": {
        "num_threads": "7"
      }
    },
    {
      "command": "./cpp/mandelbrot.out 8 < mandelbrot.in > out/220905104019/cpp.out",
      "mean": 1.5306505342,
      "stddev": 0.06358737212537896,
      "median": 1.4976730136,
      "user": 8.082228879999999,
      "system": 0.053535879999999994,
      "min": 1.4657720756000001,
      "max": 1.6415225756,
      "times": [
        1.5020336176,
        1.6415225756,
        1.4657720756000001,
        1.5713772846,
        1.4906519926,
        1.4746168256,
        1.4766310756,
        1.5961240756,
        1.5944634096,
        1.4933124096000001
      ],
      "exit_codes": [
        0,
        0,
        0,
        0,
        0,
        0,
        0,
        0,
        0,
        0
      ],
      "parameters": {
        "num_threads": "8"
      }
    },
    {
      "command": "./cpp/mandelbrot.out 9 < mandelbrot.in > out/220905104019/cpp.out",
      "mean": 1.5830704218,
      "stddev": 0.08279320662611656,
      "median": 1.5811879096,
      "user": 8.060955679999998,
      "system": 0.06108968,
      "min": 1.4989729506,
      "max": 1.7249020756,
      "times": [
        1.5869094096,
        1.5030222426,
        1.7249020756,
        1.7185074926,
        1.4989729506,
        1.5170656176,
        1.5754664096,
        1.6050507846000002,
        1.5871891596,
        1.5136180756
      ],
      "exit_codes": [
        0,
        0,
        0,
        0,
        0,
        0,
        0,
        0,
        0,
        0
      ],
      "parameters": {
        "num_threads": "9"
      }
    },
    {
      "command": "./cpp/mandelbrot.out 10 < mandelbrot.in > out/220905104019/cpp.out",
      "mean": 1.5170312426,
      "stddev": 0.028490954254817787,
      "median": 1.5176851591,
      "user": 8.14233248,
      "system": 0.04710208,
      "min": 1.4788002426,
      "max": 1.5536517846000002,
      "times": [
        1.5009624096,
        1.5536517846000002,
        1.4884451176,
        1.5424553256,
        1.5333062006,
        1.5443302006,
        1.4788002426,
        1.4856084926000002,
        1.5406885345999999,
        1.5020641176
      ],
      "exit_codes": [
        0,
        0,
        0,
        0,
        0,
        0,
        0,
        0,
        0,
        0
      ],
      "parameters": {
        "num_threads": "10"
      }
    },
    {
      "command": "./cpp/mandelbrot.out 11 < mandelbrot.in > out/220905104019/cpp.out",
      "mean": 1.5308565635,
      "stddev": 0.0230124483202369,
      "median": 1.5316093051,
      "user": 8.146550779999997,