{
  "results": [
    {
      "command": "./cpp/mandelbrot.out 1 < mandelbrot.in > out/220907003457/cpp.out",
      "mean": 43.326503633479994,
      "stddev": 0.12718893849057936,
      "median": 43.29566116268,
      "user": 43.0435086,
      "system": 0.22855559999999997,
      "min": 43.23706539168,
      "max": 43.67056743368,
      "times": [
        43.360117724679995,
        43.30429851668,
        43.30772243368,
        43.334665058679995,
        43.67056743368,
        43.28702380868,
        43.24788780868,
        43.25933522468,
        43.23706539168,
        43.25635293368
      ],
      "exit_codes": [
        0,
        0,
        0,
        0,
        0,
        0,
        0,
        0,
        0,
        0
      ],
      "parameters": {
        "num_threads": "1"
      }
    },
    {
      "command": "./cpp/mandelbrot.out 2 < mandelbrot.in > out/220907003457/cpp.out",
      "mean": 22.24289775828,
      "stddev": 0.003987588751552181,
      "median": 22.24354345418,
      "user": 43.88503920000001,
      "system": 0.14663980000000001,
      "min": 22.236102433680003,
      "max": 22.24862572468,
      "times": [
        22.24862572468,
        22.24640472468,
        22.237280266680003,
        22.245605266680002,
        22.241693016680003,
        22.24381889168,
        22.245372766680003,
        22.243268016680002,
        22.236102433680003,
        22.240806474680003
      ],
      "exit_codes": [
        0,
        0,
        0,
        0,
        0,
        0,
        0,
        0,
        0,
        0
      ],
      "parameters": {
        "num_threads": "2"
      }
    },
    {
      "command": "./cpp/mandelbrot.out 3 < mandelbrot.in > out/220907003457/cpp.out",
      "mean": 15.19878090008,
      "stddev": 0.004932334456690261,
      "median": 15.199368225179999,
      "user": 44.593417300000006,
      "system": 0.1285248,
      "min": 15.19104989168,
      "max": 15.20826080868,
      "times": [
        15.20294334968,
        15.19384918368,
        15.20826080868,
        15.20037605868,
        15.20091714168,
        15.198734266679999,
        15.19104989168,
        15.19677184968,
        15.20000218368,
        15.19490426668
      ],
      "exit_codes": [
        0,
        0,
        0,
        0,
        0,
        0,
        0,
        0,
        0,
        0
      ],
      "parameters": {
        "num_threads": "3"
      }
    },
    {
      "command": "./cpp/mandelbrot.out 4 < mandelbrot.in > out/220907003457/cpp.out",
      "mean": 11.54000124998,
      "stddev": 0.004277553242190204,
      "median": 11.53962307918,
      "user": 44.706877199999994,
      "system": 0.12286959999999998,
      "min": 11.53447659968,
      "max": 11.54948347468,
      "times": [
        11.53631509968,
        11.54297014168,
        11.54195076668,
        11.54065389168,
        11.53447659968,
        11.54948347468,
        11.53889143368,
        11.53602493368,
        11.54000084968,
        11.53924530868
      ],
      "exit_codes": [
        0,
        0,
        0,
        0,
        0,
        0,
        0,
        0,
        0,
        0
      ],
      "parameters": {
        "num_threads": "4"
      }
    },
    {
      "command": "./cpp/mandelbrot.out 5 < mandelbrot.in > out/220907003457/cpp.out",
      "mean": 9.40178566658,
      "stddev": 0.005744715617373887,
      "median": 9.40155699568,
      "user": 45.105099499999994,
      "system": 0.127249,
      "min": 9.39494334968,
      "max": 9.413048849679999,
      "times": [
        9.39494334968,
        9.39847584968,
        9.39573239168,
        9.39693876668,
        9.40285726668,
        9.40384718368,
        9.40353109968,
        9.408225183679999,
        9.413048849679999,
        9.40025672468
      ],
      "exit_codes": [
        0,
        0,
        0,
        0,
        0,
        0,
        0,
        0,
        0,
        0
      ],
      "parameters": {
        "num_threads": "5"
      }
    },
    {
      "command": "./cpp/mandelbrot.out 6 < mandelbrot.in > out/220907003457/cpp.out",
      "mean": 8.06706686678,
      "stddev": 0.09158439484594588,
      "median": 8.03819801668,
      "user": 45.815437,
      "system": 0.14733939999999998,
      "min": 8.02705214168,
      "max": 8.32653393368,
      "times": [
        8.32653393368,
        8.03951793368,
        8.05863843368,
        8.02705214168,
        8.04272439168,
        8.036878099679999,
        8.03492122468,
        8.03314789168,
        8.02969668368,
        8.04155793368
      ],
      "exit_codes": [
        0,
        0,
        0,
        0,
        0,
        0,
        0,
        0,
        0,
        0
      ],
      "parameters": {
        "num_threads": "6"
      }
    },
    {
      "command": "./cpp/mandelbrot.out 7 < mandelbrot.in > out/220907003457/cpp.out",
      "mean": 7.387206929079999,
      "stddev": 0.025479824508160425,
      "median": 7.38233449568,
      "user": 47.4498567,
      "system": 0.14165849999999997,
      "min": 7.351236849679999,
      "max": 7.42853751668,
      "times": [
        7.387128349679999,
        7.42853751668,
        7.38182209968,
        7.37044747468,
        7.351236849679999,
        7.376697516679999,
        7.36155539168,
        7.40892851668,
        7.38284689168,
        7.42286868368
      ],
      "exit_codes": [
        0,
        0,
        0,
        0,
        0,
        0,
        0,
        0,
        0,
        0
      ],
      "parameters": {
        "num_threads": "7"
      }
    },
    {
      "command": "./cpp/mandelbrot.out 8 < mandelbrot.in > out/220907003457/cpp.out",
      "mean": 6.68789812898,
      "stddev": 0.04289910727175824,
      "median": 6.67461193318,
      "user": 49.208291,
      "system": 0.1350307,
      "min": 6.655763266679999,
      "max": 6.79973109968,
      "times": [
        6.670579099679999,
        6.68359084968,
        6.65755189168,
        6.67864476668,
        6.6662175996799995,
        6.66936059968,
        6.655763266679999,
        6.71677926668,
        6.79973109968,
        6.68076284968
      ],
      "exit_codes": [
        0,
        0,
        0,
        0,
        0,
        0,
        0,
        0,
        0,
        0
      ],
      "parameters": {
        "num_threads": "8"
      }
    },
    {
      "command": "./cpp/mandelbrot.out 9 < mandelbrot.in > out/220907003457/cpp.out",
      "mean": 6.671772299979999,
      "stddev": 0.01573222115827684,
      "median": 6.674055704179999,
      "user": 49.259709,
      "system": 0.142492,
      "min": 6.65119439168,
      "max": 6.70424280868,
      "times": [
        6.65981534968,
        6.676495849679999,
        6.67700464168,
        6.659604724679999,
        6.70424280868,
        6.671615558679999,
        6.67661764168,
        6.656734516679999,
        6.68439751668,
        6.65119439168
      ],
      "exit_codes": [
        0,
        0,
        0,
        0,
        0,
        0,
        0,
        0,
        0,
        0
      ],
      "parameters": {
        "num_threads": "9"
      }
    },
    {
      "command": "./cpp/mandelbrot.out 10 < mandelbrot.in > out/220907003457/cpp.out",
      "mean": 6.678557333480001,
      "stddev": 0.02127041067527568,
      "median": 6.68093260018,
      "user": 49.2323732,
      "system": 0.1445049,
      "min": 6.64181180868,
      "max": 6.7023409336799995,
      "times": [
        6.677010141679999,
        6.67504205868,
        6.68485505868,
        6.67036580868,
        6.64181180868,
        6.64569489168,
        6.7023409336799995,
        6.69640434968,
        6.69961801668,
        6.69243026668
      ],
      "exit_codes": [
        0,
        0,
        0,
        0,
        0,
        0,
        0,
        0,
        0,
        0
      ],
      "parameters": {
        "num_threads": "10"
      }
    },
    {
      "command": "./cpp/mandelbrot.out 11 < mandelbrot.in > out/220907003457/cpp.out",
      "mean": 6.742992249979999,