{
  "results": [
    {
      "command": "./rust/target/release/mandelbrot 1 < mandelbrot.in > out/220905120539/rust.out",
      "mean": 6.635146605919999,
      "stddev": 0.004449848582647962,
      "median": 6.63328777652,
      "user": 6.559290219999999,
      "system": 0.06634700000000002,
      "min": 6.63090379752,
      "max": 6.64423504752,
      "times": [
        6.63272863052,
        6.63951508952,
        6.63811092252,
        6.63098983952,
        6.63384692252,
        6.64423504752,
        6.63207792252,
        6.63090379752,
        6.63724408952,
        6.6318137975199996
      ],
      "exit_codes": [
        0,
        0,
        0,
        0,
        0,
        0,
        0,
        0,
        0,
        0
      ],
      "parameters": {
        "num_threads": "1"
      }
    },
    {
      "command": "./rust/target/release/mandelbrot 2 < mandelbrot.in > out/220905120539/rust.out",
      "mean": 3.5992231058199997,
      "stddev": 0.02679419316142806,
      "median": 3.58869327652,
      "user": 6.6881504199999995,
      "system": 0.0570863,
      "min": 3.58115908952,
      "max": 3.67106608952,
      "times": [
        3.5890857555199998,
        3.5884995475199997,
        3.58584700552,
        3.5888870055199997,
        3.58580742252,
        3.58115908952,
        3.67106608952,
        3.6109280895199998,
        3.58756842252,
        3.6033826305199996
      ],
      "exit_codes": [
        0,
        0,
        0,
        0,
        0,
        0,
        0,
        0,
        0,
        0
      ],
      "parameters": {
        "num_threads": "2"
      }
    },
    {
      "command": "./rust/target/release/mandelbrot 3 < mandelbrot.in > out/220905120539/rust.out",
      "mean": 2.5646811476199995,
      "stddev": 0.003066570078986597,
      "median": 2.56515458952,
      "user": 6.785958320000001,
      "system": 0.049880100000000004,
      "min": 2.55788763052,
      "max": 2.56855392252,
      "times": [
        2.5679860895199997,
        2.56543796452,
        2.56375588052,
        2.56240521452,
        2.56354208952,
        2.55788763052,
        2.56487121452,
        2.56855392252,
        2.5659714225199997,
        2.5664000475199997
      ],
      "exit_codes": [
        0,
        0,
        0,
        0,
        0,
        0,
        0,
        0,
        0,
        0
      ],
      "parameters": {
        "num_threads": "3"
      }
    },
    {
      "command": "./rust/target/release/mandelbrot 4 < mandelbrot.in > out/220905120539/rust.out",
      "mean": 2.0431136640200003,
      "stddev": 0.0152188446675368,
      "median": 2.04533740152,
      "user": 6.811480520000001,
      "system": 0.04572249999999999,
      "min": 2.0248287555199997,
      "max": 2.06359563052,
      "times": [
        2.02929638052,
        2.0276730055199996,
        2.05431992252,
        2.0535851305199997,
        2.0376966305199997,
        2.0248287555199997,
        2.02716479752,
        2.05297817252,
        2.0599982145199998,
        2.06359563052
      ],
      "exit_codes": [
        0,
        0,
        0,
        0,
        0,
        0,
        0,
        0,
        0,
        0
      ],
      "parameters": {
        "num_threads": "4"
      }
    },
    {
      "command": "./rust/target/release/mandelbrot 5 < mandelbrot.in > out/220905120539/rust.out",
      "mean": 1.7294728183200003,
      "stddev": 0.0330300912384652,
      "median": 1.71860996402,
      "user": 6.842684519999999,
      "system": 0.0455272,
      "min": 1.70566004752,
      "max": 1.8145954225200003,
      "times": [
        1.70675550552,
        1.8145954225200003,
        1.7222654645200002,
        1.71847004752,
        1.75444404752,
        1.71019938052,
        1.70566004752,
        1.7284635895200002,
        1.7151247975200001,
        1.71874988052
      ],
      "exit_codes": [
        0,
        0,
        0,
        0,
        0,
        0,
        0,
        0,
        0,
        0
      ],
      "parameters": {
        "num_threads": "5"
      }
    },
    {
      "command": "./rust/target/release/mandelbrot 6 < mandelbrot.in > out/220905120539/rust.out",
      "mean": 1.5204666267199998,
      "stddev": 0.014086461089290543,
      "median": 1.5146255265200002,
      "user": 6.9321647199999985,
      "system": 0.0468791,
      "min": 1.5080807145200001,
      "max": 1.54796246452,
      "times": [
        1.5080807145200001,
        1.51225063052,
        1.5096597975200001,
        1.5145005475200002,
        1.5297002145200003,
        1.5147505055200001,
        1.51011346452,
        1.54796246452,
        1.54090138052,
        1.5167465475200002
      ],
      "exit_codes": [
        0,
        0,
        0,
        0,
        0,
        0,
        0,
        0,
        0,
        0
      ],
      "parameters": {
        "num_threads": "6"
      }
    },
    {
      "command": "./rust/target/release/mandelbrot 7 < mandelbrot.in > out/220905120539/rust.out",
      "mean": 1.42326214752,
      "stddev": 0.002322624322078898,
      "median": 1.42299283902,
      "user": 7.344008220000001,
      "system": 0.0487255,
      "min": 1.41923754752,
      "max": 1.42735313052,
      "times": [
        1.41923754752,
        1.42131133952,
        1.42276300552,
        1.4256015055200002,
        1.4235353805200002,
        1.4251750895200002,
        1.42735313052,
        1.42247971452,
        1.4219420895200001,
        1.4232226725200001
      ],
      "exit_codes": [
        0,
        0,
        0,
        0,
        0,
        0,
        0,
        0,
        0,
        0
      ],
      "parameters": {
        "num_threads": "7"
      }
    },
    {
      "command": "./rust/target/release/mandelbrot 8 < mandelbrot.in > out/220905120539/rust.out",
      "mean": 1.38328526412,
      "stddev": 0.022044556329039906,
      "median": 1.3785787765200002,
      "user": 7.66181622,
      "system": 0.05096099999999999,
      "min": 1.3571576305200002,
      "max": 1.4304545475200001,
      "times": [
        1.37193717252,
        1.36768467252,
        1.40811583952,
        1.39091996452,
        1.3640560055200002,
        1.4304545475200001,
        1.3780067555200002,
        1.3853692555200001,
        1.3571576305200002,
        1.3791507975200001
      ],
      "exit_codes": [
        0,
        0,
        0,
        0,
        0,
        0,
        0,
        0,
        0,
        0
      ],
      "parameters": {
        "num_threads": "8"
      }
    },
    {
      "command": "./rust/target/release/mandelbrot 9 < mandelbrot.in > out/220905120539/rust.out",
      "mean": 1.39286897672,
      "stddev": 0.01966769463780068,
      "median": 1.38873133952,
      "user": 7.67107252,
      "system": 0.053581899999999995,
      "min": 1.3728055055200001,
      "max": 1.44009504752,
      "times": [
        1.40091321452,
        1.44009504752,
        1.3728055055200001,
        1.38053492252,
        1.40204771452,
        1.3769690055200001,
        1.3870304645200002,
        1.39043221452,
        1.39950388052,
        1.37835779752
      ],
      "exit_codes": [
        0,
        0,
        0,
        0,
        0,
        0,
        0,
        0,
        0,
        0
      ],
      "parameters": {
        "num_threads": "9"
      }
    },
    {
      "command": "./rust/target/release/mandelbrot 10 < mandelbrot.in > out/220905120539/rust.out",
      "mean": 1.40387163082,
      "stddev": 0.03133813939030889,
      "median": 1.38844450602,
      "user": 7.67862662,
      "system": 0.05800569999999999,
      "min": 1.3745380895200001,
      "max": 1.4735160475200002,
      "times": [
        1.4399516305200002,
        1.4735160475200002,
        1.39547404752,
        1.38712875552,
        1.38296488052,
        1.38870258952,
        1.38818642252,
        1.3745380895200001,
        1.4208892555200001,
        1.38736458952
      ],