{
  "results": [
    {
      "command": "./rust/target/release/mandelbrot 1 < mandelbrot.in > out/220905104019/rust.out",
      "mean": 6.685561910760001,
      "stddev": 0.029795223022993558,
      "median": 6.690789623360001,
      "user": 6.585987399999999,
      "system": 0.07997154,
      "min": 6.64707358136,
      "max": 6.72106574836,
      "times": [
        6.71848145636,
        6.71952099836,
        6.72106574836,
        6.66261020636,
        6.64707358136,
        6.70025287336,
        6.690410706360001,
        6.6911685403600005,
        6.64867099836,
        6.656363998360001
      ],
      "exit_codes": [
        0,
        0,
        0,
        0,
        0,
        0,
        0,
        0,
        0,
        0
      ],
      "parameters": {
        "num_threads": "1"
      }
    },
    {
      "command": "./rust/target/release/mandelbrot 2 < mandelbrot.in > out/220905104019/rust.out",
      "mean": 3.60758148596,
      "stddev": 0.00824110857927953,
      "median": 3.60530864436,
      "user": 6.721234699999999,
      "system": 0.058285739999999996,
      "min": 3.59871662336,
      "max": 3.62851208136,
      "times": [
        3.60901612336,
        3.59871662336,
        3.60226966536,
        3.62851208136,
        3.61252591536,
        3.60472937336,
        3.60347074836,
        3.60588791536,
        3.60436199836,
        3.60632441536
      ],
      "exit_codes": [
        0,
        0,
        0,
        0,
        0,
        0,
        0,
        0,
        0,
        0
      ],
      "parameters": {
        "num_threads": "2"
      }
    },
    {
      "command": "./rust/target/release/mandelbrot 3 < mandelbrot.in > out/220905104019/rust.out",
      "mean": 2.60295816916,
      "stddev": 0.015493436524534922,
      "median": 2.59792024836,
      "user": 6.890204,
      "system": 0.052462739999999994,
      "min": 2.5954834983599997,
      "max": 2.64672916536,
      "times": [
        2.59605095636,
        2.64672916536,
        2.60020474836,
        2.60155495636,
        2.59819670636,
        2.5974485813599997,
        2.59679562336,
        2.59764379036,
        2.59947366536,
        2.5954834983599997
      ],
      "exit_codes": [
        0,
        0,
        0,
        0,
        0,
        0,
        0,
        0,
        0,
        0
      ],
      "parameters": {
        "num_threads": "3"
      }
    },
    {
      "command": "./rust/target/release/mandelbrot 4 < mandelbrot.in > out/220905104019/rust.out",
      "mean": 2.05728117326,
      "stddev": 0.02368605317193611,
      "median": 2.05245787336,
      "user": 6.821998600000001,
      "system": 0.05020764,
      "min": 2.02543808136,
      "max": 2.0941055403599997,
      "times": [
        2.02543808136,
        2.03128674836,
        2.03641995636,
        2.06581049836,
        2.04804995636,
        2.05254433136,
        2.0941055403599997,
        2.08372683136,
        2.05237141536,
        2.08305837336
      ],
      "exit_codes": [
        0,
        0,
        0,
        0,
        0,
        0,
        0,
        0,
        0,
        0
      ],
      "parameters": {
        "num_threads": "4"
      }
    },
    {
      "command": "./rust/target/release/mandelbrot 5 < mandelbrot.in > out/220905104019/rust.out",
      "mean": 1.7282452399600001,
      "stddev": 0.013306855083996705,
      "median": 1.72558670636,
      "user": 6.8566509,
      "system": 0.05263224,
      "min": 1.7148524153599998,
      "max": 1.7605133733599998,
      "times": [
        1.71530920636,
        1.7605133733599998,
        1.7148524153599998,
        1.7363432903599998,
        1.7192112063599998,
        1.72671637336,
        1.72560570636,
        1.72467508136,
        1.73365804036,
        1.72556770636
      ],
      "exit_codes": [
        0,
        0,
        0,
        0,
        0,
        0,
        0,
        0,
        0,
        0
      ],
      "parameters": {
        "num_threads": "5"
      }
    },
    {
      "command": "./rust/target/release/mandelbrot 6 < mandelbrot.in > out/220905104019/rust.out",
      "mean": 1.5645721775599999,
      "stddev": 0.05484944513960711,
      "median": 1.53981412336,
      "user": 6.960556199999999,
      "system": 0.05302503999999999,
      "min": 1.51515233136,
      "max": 1.6490095403599998,
      "times": [
        1.53268058136,
        1.54665312336,
        1.51515233136,
        1.51665954036,
        1.53297512336,
        1.63937879036,
        1.52454924836,
        1.5501566653599999,
        1.6490095403599998,
        1.63850683136
      ],
      "exit_codes": [
        0,
        0,
        0,
        0,
        0,
        0,
        0,
        0,
        0,
        0
      ],
      "parameters": {
        "num_threads": "6"
      }
    },
    {
      "command": "./rust/target/release/mandelbrot 7 < mandelbrot.in > out/220905104019/rust.out",
      "mean": 1.47384338586,
      "stddev": 0.029613930256541816,
      "median": 1.46745124836,
      "user": 7.320217099999999,
      "system": 0.06463284,
      "min": 1.4434815403599999,
      "max": 1.54266091536,
      "times": [
        1.49511129036,
        1.48489770636,
        1.54266091536,
        1.46038645636,
        1.47354374836,
        1.4434815403599999,
        1.46135874836,
        1.47912349836,
        1.44369733136,
        1.4541726233599999
      ],
      "exit_codes": [
        0,
        0,
        0,
        0,
        0,
        0,
        0,
        0,
        0,
        0
      ],
      "parameters": {
        "num_threads": "7"
      }
    },
    {
      "command": "./rust/target/release/mandelbrot 8 < mandelbrot.in > out/220905104019/rust.out",
      "mean": 1.4289039442599998,
      "stddev": 0.025584453761155222,
      "median": 1.4193727483599998,
      "user": 7.591692599999999,
      "system": 0.062119139999999996,
      "min": 1.39534379036,
      "max": 1.48029529036,
      "times": [
        1.4078659563599998,
        1.42401579036,
        1.41472970636,
        1.45381387336,
        1.48029529036,
        1.39534379036,
        1.44527824836,
        1.4398201233599999,
        1.4133907903599998,
        1.4144858733599999
      ],
      "exit_codes": [
        0,
        0,
        0,
        0,
        0,
        0,
        0,
        0,
        0,
        0
      ],
      "parameters": {
        "num_threads": "8"
      }
    },
    {
      "command": "./rust/target/release/mandelbrot 9 < mandelbrot.in > out/220905104019/rust.out",
      "mean": 1.44393517326,
      "stddev": 0.031444626739761936,
      "median": 1.4331109983599999,
      "user": 7.589870499999999,
      "system": 0.06314434,
      "min": 1.4104313313599999,
      "max": 1.5012868733599998,
      "times": [
        1.5012868733599998,
        1.49485112336,
        1.41860291536,
        1.4556193313599999,
        1.44540758136,
        1.42283649836,
        1.42857433136,
        1.4376476653599999,
        1.4104313313599999,
        1.4240940813599998
      ],
      "exit_codes": [
        0,
        0,
        0,
        0,
        0,
        0,
        0,
        0,
        0,
        0
      ],
      "parameters": {
        "num_threads": "9"
      }
    },
    {
      "command": "./rust/target/release/mandelbrot 10 < mandelbrot.in > out/220905104019/rust.out",
      "mean": 1.4296030817599998,
      "stddev": 0.03374670439358699,
      "median": 1.4206323108599999,
      "user": 7.544631,
      "system": 0.06822453999999999,
      "min": 1.37735149836,
      "max": 1.49535633136,
      "times": [
        1.4512249153599999,
        1.4135145813599999,
        1.40894016536,
        1.46421274836,
        1.4277500403599999,
        1.4377491653599999,
        1.40861162336,
        1.37735149836,
        1.49535633136,
        1.41131974836
      ],
      "exit_codes": [
        0,
        0,
        0,
        0,
        0,
        0,
        0,
        0,
        0,
        0
      ],