{
  "results": [
    {
      "command": "./seq/mandelbrot.out 1 < mandelbrot.in > out/220905120539/seq.out",
      "mean": 6.87915130336,
      "stddev": 0.008243103868870954,
      "median": 6.879506940960001,
      "user": 6.816613599999999,
      "system": 0.05236832,
      "min": 6.86753139946,
      "max": 6.89626769046,
      "times": [
        6.88305352446,
        6.88320656546,
        6.87330410746,
        6.87216823246,
        6.89626769046,
        6.87628164946,
        6.87363760746,
        6.86753139946,
        6.88273223246,
        6.88333002446
      ],
      "exit_codes": [
        0,
        0,
        0,
        0,
        0,
        0,
        0,
        0,
        0,
        0
      ],
      "parameters": {
        "num_threads": "1"
      }
    },
    {
      "command": "./seq/mandelbrot.out 2 < mandelbrot.in > out/220905120539/seq.out",
      "mean": 6.874590382359999,
      "stddev": 0.004112232582447385,
      "median": 6.87408064896,
      "user": 6.8167138,
      "system": 0.04868732,
      "min": 6.86984798246,
      "max": 6.88432006546,
      "times": [
        6.87497919046,
        6.87658160746,
        6.88432006546,
        6.86984798246,
        6.87489873246,
        6.87326256546,
        6.87106994046,
        6.87145902446,
        6.87658864946,
        6.87289606546
      ],
      "exit_codes": [
        0,
        0,
        0,
        0,
        0,
        0,
        0,
        0,
        0,
        0
      ],
      "parameters": {
        "num_threads": "2"
      }
    },
    {
      "command": "./seq/mandelbrot.out 3 < mandelbrot.in > out/220905120539/seq.out",
      "mean": 6.87712031576,
      "stddev": 0.009358035294849389,
      "median": 6.87576383646,
      "user": 6.816188800000001,
      "system": 0.04930402,
      "min": 6.86274060746,
      "max": 6.8996665654600005,
      "times": [
        6.87461360746,
        6.8996665654600005,
        6.87604260746,
        6.87548506546,
        6.87085948246,
        6.87981919046,
        6.87492014946,
        6.86274060746,
        6.87657327446,
        6.88048260746
      ],
      "exit_codes": [
        0,
        0,
        0,
        0,
        0,
        0,
        0,
        0,
        0,
        0
      ],
      "parameters": {
        "num_threads": "3"
      }
    },
    {
      "command": "./seq/mandelbrot.out 4 < mandelbrot.in > out/220905120539/seq.out",
      "mean": 6.877434357459999,
      "stddev": 0.006906133970563258,
      "median": 6.87847641996,
      "user": 6.8181850000000015,
      "system": 0.04892922,
      "min": 6.86833614946,
      "max": 6.88741010746,
      "times": [
        6.87015698246,
        6.87695094046,
        6.86833614946,
        6.87098860746,
        6.88000189946,
        6.88665794046,
        6.88061448246,
        6.88156748246,
        6.87165898246,
        6.88741010746
      ],
      "exit_codes": [
        0,
        0,
        0,
        0,
        0,
        0,
        0,
        0,
        0,
        0
      ],
      "parameters": {
        "num_threads": "4"
      }
    },
    {
      "command": "./seq/mandelbrot.out 5 < mandelbrot.in > out/220905120539/seq.out",
      "mean": 6.87466287826,
      "stddev": 0.004201405581898746,
      "median": 6.874325669959999,
      "user": 6.8158255,
      "system": 0.04903822,
      "min": 6.87061039946,
      "max": 6.88480735746,
      "times": [
        6.87264494046,
        6.87137456546,
        6.87527673246,
        6.87374298246,
        6.87067248246,
        6.87526814946,
        6.87490835746,
        6.87061039946,
        6.87732281546,
        6.88480735746
      ],
      "exit_codes": [
        0,
        0,
        0,
        0,
        0,
        0,
        0,
        0,
        0,
        0
      ],
      "parameters": {
        "num_threads": "5"
      }
    },
    {
      "command": "./seq/mandelbrot.out 6 < mandelbrot.in > out/220905120539/seq.out",
      "mean": 6.874019111760001,
      "stddev": 0.0032922550832774934,
      "median": 6.87474110746,
      "user": 6.8160750000000005,
      "system": 0.04825292,
      "min": 6.86726731546,
      "max": 6.87869627446,
      "times": [
        6.87632339946,
        6.87869627446,
        6.86726731546,
        6.87260489946,
        6.87493798246,
        6.87639752446,
        6.87454423246,
        6.87615819046,
        6.87172027446,
        6.87154102446
      ],
      "exit_codes": [
        0,
        0,
        0,
        0,
        0,
        0,
        0,
        0,
        0,
        0
      ],
      "parameters": {
        "num_threads": "6"
      }
    },
    {
      "command": "./seq/mandelbrot.out 7 < mandelbrot.in > out/220905120539/seq.out",
      "mean": 6.881079849060001,
      "stddev": 0.011170223169391489,
      "median": 6.87792139896,
      "user": 6.818038199999999,
      "system": 0.048423919999999995,
      "min": 6.86619423246,
      "max": 6.90441073246,
      "times": [
        6.88151410746,
        6.89668460746,
        6.8773066074599996,
        6.90441073246,
        6.87586744046,
        6.87799019046,
        6.87427127446,
        6.86619423246,
        6.87785260746,
        6.87870669046
      ],
      "exit_codes": [
        0,
        0,
        0,
        0,
        0,
        0,
        0,
        0,
        0,
        0
      ],
      "parameters": {
        "num_threads": "7"
      }
    },
    {
      "command": "./seq/mandelbrot.out 8 < mandelbrot.in > out/220905120539/seq.out",
      "mean": 6.8774629033600005,
      "stddev": 0.011484466902652746,
      "median": 6.87484616996,
      "user": 6.816331600000001,
      "system": 0.04928502,
      "min": 6.86611281546,
      "max": 6.90847239946,
      "times": [
        6.87793860746,
        6.87434898246,
        6.86611281546,
        6.87269302446,
        6.87534335746,
        6.87610256546,
        6.8713374824599995,
        6.87326027446,
        6.87901952446,
        6.90847239946
      ],
      "exit_codes": [
        0,
        0,
        0,
        0,
        0,
        0,
        0,
        0,
        0,
        0
      ],
      "parameters": {
        "num_threads": "8"
      }
    },
    {
      "command": "./seq/mandelbrot.out 9 < mandelbrot.in > out/220905120539/seq.out",
      "mean": 6.88075923256,
      "stddev": 0.013683584447950526,
      "median": 6.8747670244600005,
      "user": 6.8156035,
      "system": 0.049737619999999996,
      "min": 6.8689481494599995,
      "max": 6.90893735746,
      "times": [
        6.90327431546,
        6.87301548246,
        6.87480264946,
        6.87398123246,
        6.87787064946,
        6.87862852446,
        6.90893735746,
        6.8689481494599995,
        6.87473139946,
        6.87340256546
      ],
      "exit_codes": [
        0,
        0,
        0,
        0,
        0,
        0,
        0,
        0,
        0,
        0
      ],
      "parameters": {
        "num_threads": "9"
      }
    },
    {
      "command": "./seq/mandelbrot.out 10 < mandelbrot.in > out/220905120539/seq.out",
      "mean": 6.87787237846,
      "stddev": 0.008311739110513696,
      "median": 6.8762375034600005,
      "user": 6.817984899999999,
      "system": 0.04878342,
      "min": 6.86401739946,
      "max": 6.89477914946,
      "times": [
        6.87503348246,
        6.89477914946,
        6.86401739946,
        6.8732599824600005,
        6.87888981546,
        6.87744152446,
        6.8870718574600005,
        6.87482477446,
        6.87959752446,
        6.87380827446
      ],
      "exit_codes": [
        0,
        0,
        0,
        0,
        0,
        0,
        0,
        0,
        0,
        0
      ],
      "parameters": {
        "num_threads": "10"
      }
    },
    {
      "command": "./seq/mandelbrot.out 11 < mandelbrot.in > out/220905120539/seq.out",
      "mean": 6.88473760326,
      "stddev": 0.021312328390535852,
      "median": 6.87489916996,
      "user": 6.8232073,
      "system": 0.04942502,